pts_avg,ast_avg,reb_avg,oreb_avg,dreb_avg,stl_avg,blk_avg,tov_avg,pf_avg,min_avg,fgm_avg,fga_avg,fg3m_avg,fg3a_avg,ftm_avg,fta_avg,fg_pct,fg3_pct,ft_pct,ast_tov_ratio,usage_rate,defensive_activity,rebounding_rate,scoring_efficiency,player_id,full_name,team_abbr,games_played,cluster,position_group
9.3,1.0,8.214,6.771,7.8,0.557,3.714,1.414,24.429,34.957,18.143,0.511,5.657,0.349,4.729,0.751,2.129,3.7,1.029,2.212,0.0837,0.1222,0.235,18.1996,2544,LeBron James,LAL,70,2,BENCH
3.037,1.256,7.378,3.207,3.61,0.268,1.573,1.841,8.817,27.939,7.11,0.433,4.524,0.387,1.122,0.483,1.707,1.037,0.402,4.69,0.1263,0.0659,0.2641,7.0139,101108,Chris Paul,SAS,82,0,G
1.171,0.943,2.743,1.6,1.914,0.314,0.6,1.771,3.943,18.886,3.343,0.264,2.514,0.246,0.943,0.257,0.829,0.771,0.314,4.571,0.1577,0.0484,0.1452,4.4356,200768,Kyle Lowry,PHI,35,4,G/F
9.548,0.806,4.242,5.661,6.032,1.242,3.065,1.677,26.565,36.581,18.129,0.535,6.0,0.466,5.823,0.807,2.581,4.887,0.371,1.384,0.0825,0.1177,0.116,17.8467,201142,Kevin Durant,PHX,62,2,BENCH
3.25,0.6,2.133,4.833,6.15,0.85,0.767,1.35,8.967,27.667,7.683,0.411,5.233,0.34,0.633,0.254,1.9,0.567,1.317,2.783,0.0853,0.0584,0.0771,7.9075,201143,Al Horford,BOS,60,3,C/PF
2.634,1.113,4.493,2.113,2.563,0.197,1.056,1.563,8.197,24.732,6.592,0.39,4.366,0.409,1.268,0.407,1.789,1.141,0.451,4.253,0.124,0.0507,0.1817,6.7538,201144,Mike Conley,MIN,71,0,G
1.906,0.188,0.625,1.469,1.812,0.125,0.281,1.0,5.375,12.406,3.781,0.474,2.469,0.326,0.812,0.23,0.906,0.656,0.344,2.222,0.134,0.0327,0.0504,4.0211,201145,Jeff Green,HOU,32,4,G/F
4.973,1.413,6.093,3.573,4.933,0.493,3.227,2.507,13.253,27.92,11.08,0.454,3.88,0.292,3.107,0.526,1.253,2.053,1.36,1.888,0.1567,0.1332,0.2182,10.9537,201566,Russell Westbrook,DEN,75,2,BENCH
1.783,0.652,0.957,3.13,4.087,0.174,0.609,0.913,5.304,10.913,5.0,0.277,2.913,0.248,1.0,0.239,1.043,0.696,0.957,1.571,0.1688,0.0717,0.0877,6.4368,201567,Kevin Love,MIA,23,4,G/F
2.231,0.667,1.667,0.974,1.179,0.308,0.718,0.821,6.821,19.692,5.231,0.376,3.513,0.339,1.231,0.36,1.436,0.923,0.205,2.321,0.0947,0.0521,0.0847,5.9335,201569,Eric Gordon,PHI,39,4,G/F
4.925,0.625,1.788,3.6,5.012,1.85,1.05,2.138,13.012,31.825,9.675,0.508,4.662,0.357,1.725,0.533,1.738,1.425,1.412,1.702,0.1028,0.0911,0.0562,9.6949,201572,Brook Lopez,MIL,80,3,C/PF
1.333,0.667,1.077,2.192,2.795,0.462,0.436,1.423,4.013,17.487,3.051,0.371,2.603,0.371,0.269,0.115,1.128,0.218,0.603,2.471,0.1407,0.0514,0.0616,3.593,201587,Nicolas Batum,LAC,78,4,G/F
1.625,0.286,0.946,3.571,5.071,0.482,0.714,1.321,3.732,12.304,2.5,0.584,0.0,0.0,1.143,0.154,0.0,0.482,1.5,1.325,0.1781,0.0972,0.0769,2.7825,201599,DeAndre Jordan,DEN,56,1,F/C
6.722,1.494,8.696,5.076,5.772,0.696,4.316,2.051,22.81,35.316,16.392,0.41,8.456,0.345,7.316,0.86,2.975,6.392,0.696,2.015,0.112,0.1419,0.2462,16.3951,201935,James Harden,LAC,79,2,BENCH
8.057,1.143,6.014,3.857,4.429,0.429,2.857,1.357,24.543,32.129,17.971,0.445,11.2,0.392,4.271,0.842,4.443,3.986,0.571,2.105,0.0917,0.1023,0.1872,18.1056,201939,Stephen Curry,GSW,70,2,BENCH
8.104,0.805,4.442,3.221,3.87,0.416,1.364,1.948,22.208,35.935,16.987,0.479,3.325,0.3,5.727,0.834,1.091,4.909,0.649,3.257,0.0899,0.0495,0.1236,16.9186,201942,DeMar DeRozan,SAC,77,2,BENCH
0.333,0.0,0.333,0.5,0.5,0.167,0.333,0.417,0.667,3.083,0.917,0.181,0.25,0.0,0.083,0.0,0.0,0.0,0.0,1.0,0.194,0.1622,0.108,1.8398,201949,James Johnson,IND,12,1,F/C
4.097,1.065,3.855,3.048,4.274,0.435,1.242,1.629,11.065,30.661,9.242,0.439,4.935,0.321,1.242,0.392,1.742,1.129,1.226,3.104,0.1022,0.0547,0.1257,9.3326,201950,Jrue Holiday,BOS,62,0,G
1.27,0.243,0.568,1.865,3.243,0.486,0.676,1.459,2.892,11.027,2.568,0.439,0.054,0.014,0.541,0.16,0.027,0.324,1.378,0.84,0.1942,0.1054,0.0515,2.8929,201959,Taj Gibson,CHA,37,1,F/C
1.241,0.448,0.897,0.621,0.759,0.103,0.586,0.828,3.828,11.069,3.31,0.291,2.586,0.267,0.483,0.19,0.897,0.448,0.138,1.529,0.1416,0.0622,0.081,4.2646,201988,Patty Mills,UTA,29,4,G/F
0.643,0.607,1.107,0.714,1.036,0.071,0.357,0.821,1.893,8.071,2.143,0.148,1.0,0.11,0.429,0.17,0.214,0.393,0.321,3.1,0.1953,0.053,0.1372,4.3446,202066,Garrett Temple,TOR,28,1,F/C
5.976,1.829,4.341,4.756,5.341,0.488,2.585,2.463,16.22,32.561,13.902,0.421,6.537,0.345,2.366,0.565,2.341,1.927,0.585,1.679,0.1447,0.0944,0.1333,14.1948,202331,Paul George,PHI,41,2,BENCH
8.94,1.32,4.62,3.6,4.8,0.46,2.22,2.02,24.68,36.02,18.9,0.477,7.18,0.373,4.28,0.847,2.88,3.92,1.2,2.081,0.106,0.0744,0.1283,18.7421,202681,Kyrie Irving,DAL,50,2,BENCH
0.775,0.05,0.6,2.55,3.35,0.275,0.35,0.9,1.725,8.2,1.775,0.311,0.075,0.0,0.75,0.073,0.0,0.175,0.8,1.714,0.1538,0.0762,0.0732,2.492,202684,Tristan Thompson,CLE,40,1,F/C
4.259,0.457,2.025,5.395,7.741,0.568,1.481,2.235,10.407,18.79,7.741,0.554,0.457,0.074,2.037,0.682,0.099,1.79,2.346,1.367,0.1728,0.109,0.1078,7.6877,202685,Jonas Valančiūnas,WAS,81,3,C/PF
5.014,0.694,2.014,2.806,3.417,0.417,1.222,1.125,13.958,27.389,12.181,0.403,7.681,0.368,1.028,0.37,3.0,0.931,0.611,1.648,0.0811,0.0598,0.0735,12.4417,202691,Klay Thompson,DAL,72,0,G
2.347,0.571,1.122,2.224,2.531,0.143,0.592,0.755,7.265,17.653,5.531,0.385,4.224,0.356,1.0,0.307,1.796,0.776,0.306,1.897,0.0969,0.0416,0.0636,6.0961,202692,Alec Burks,MIA,49,4,G/F
1.4,0.133,1.4,1.333,1.533,0.2,0.333,1.067,3.733,11.0,4.667,0.29,2.4,0.276,0.4,0.167,0.6,0.333,0.2,4.2,0.1355,0.0485,0.1273,4.8276,202693,Markieff Morris,LAL,15,4,G/F
8.378,1.595,3.135,4.973,5.919,0.459,1.946,1.514,21.514,31.838,16.838,0.497,5.135,0.39,3.27,0.712,2.108,2.649,0.946,1.611,0.1133,0.0755,0.0985,16.8571,202695,Kawhi Leonard,LAC,37,2,BENCH
7.534,0.836,3.507,7.63,10.068,0.712,1.63,2.233,18.479,31.151,14.219,0.536,4.397,0.394,2.041,0.527,1.767,1.644,2.438,2.151,0.1157,0.0752,0.1126,14.056,202696,Nikola Vučević,CHI,73,2,BENCH
5.26,1.014,2.219,5.027,5.918,0.781,1.164,1.89,13.726,31.603,11.027,0.475,3.616,0.301,2.274,0.607,1.247,1.959,0.89,1.906,0.1069,0.0615,0.0702,11.0737,202699,Tobias Harris,DET,73,0,G
1.677,0.516,1.452,1.097,1.355,0.097,0.548,1.097,4.387,12.419,4.29,0.346,2.387,0.263,0.29,0.129,0.806,0.226,0.258,2.647,0.1577,0.0519,0.1169,4.8468,202704,Reggie Jackson,PHI,31,4,G/F
1.24,0.52,1.44,1.14,1.48,0.08,0.36,1.0,3.54,12.2,3.08,0.355,2.14,0.293,0.36,0.136,0.78,0.28,0.34,4.0,0.1537,0.0361,0.118,3.493,202709,Cory Joseph,ORL,50,4,G/F
5.473,1.4,5.418,3.109,5.382,0.327,1.345,0.945,17.527,31.764,10.855,0.5,1.891,0.289,7.127,0.793,0.582,6.0,2.273,4.027,0.0896,0.0526,0.1706,10.946,202710,Jimmy Butler III,GSW,55,2,BENCH
9.216,1.157,3.549,8.941,11.569,2.157,2.216,1.922,24.725,33.412,17.843,0.509,2.431,0.233,7.235,0.707,0.686,5.608,2.627,1.602,0.1074,0.1309,0.1062,18.1061,203076,Anthony Davis,LAL,51,2,BENCH
6.509,1.094,3.679,2.698,3.34,0.528,1.868,2.566,17.019,32.038,13.094,0.481,4.981,0.365,2.585,0.532,1.925,2.075,0.642,1.97,0.1293,0.0748,0.1148,13.5322,203078,Bradley Beal,PHX,53,0,G
7.655,1.207,7.069,4.19,4.69,0.172,2.793,1.672,24.948,36.103,17.103,0.44,9.034,0.37,6.776,0.906,3.397,6.241,0.5,2.531,0.0919,0.0821,0.1958,17.3977,203081,Damian Lillard,MIL,58,2,BENCH
2.925,0.975,0.85,5.025,7.75,0.45,1.375,2.35,7.325,18.725,5.85,0.497,0.5,0.05,2.25,0.473,0.075,1.4,2.725,0.618,0.2041,0.0975,0.0454,5.8853,203083,Andre Drummond,PHI,40,3,C/PF
4.232,0.476,1.659,2.598,3.78,0.171,0.61,0.915,12.329,27.195,8.329,0.483,4.39,0.403,2.427,0.578,1.902,1.963,1.183,2.72,0.0689,0.0287,0.061,8.7619,203084,Harrison Barnes,SAS,82,0,G
0.778,0.333,0.667,1.556,2.222,0.0,0.444,1.111,2.556,11.556,2.444,0.185,1.667,0.194,0.667,0.093,0.444,0.556,0.667,1.5,0.141,0.0384,0.0577,4.2054,203109,Jae Crowder,SAC,9,1,F/C
3.176,1.456,5.632,5.0,6.088,1.029,2.559,3.221,9.015,29.132,7.485,0.408,3.618,0.28,2.162,0.488,1.176,1.485,1.088,2.201,0.1746,0.1232,0.1933,7.7843,203110,Draymond Green,GSW,68,2,BENCH
4.324,0.946,4.054,3.351,3.703,0.216,1.514,2.027,11.892,22.892,9.108,0.441,3.595,0.305,2.27,0.559,1.297,1.946,0.351,2.679,0.1491,0.0756,0.1771,9.805,203114,Khris Middleton,MIL,37,0,G
0.696,0.196,0.826,1.239,2.065,0.457,0.435,1.217,1.609,8.196,1.37,0.324,0.196,0.033,0.37,0.078,0.043,0.174,0.826,1.9,0.2119,0.1088,0.1008,2.1481,203458,Alex Len,SAC,46,1,F/C
7.929,0.821,4.054,3.036,3.786,0.429,1.893,2.214,21.125,32.75,17.857,0.426,8.196,0.338,3.089,0.63,3.054,2.214,0.75,2.142,0.1057,0.0709,0.1238,18.6127,203468,CJ McCollum,NOP,56,0,G
4.48,0.88,5.387,2.28,2.64,0.16,1.893,2.4,13.067,28.107,11.027,0.399,4.947,0.321,2.88,0.623,1.693,2.413,0.36,2.845,0.1309,0.073,0.1917,11.2281,203471,Dennis Schröder,DET,75,0,G
3.045,0.75,2.909,3.273,4.682,0.432,1.727,2.795,8.727,20.295,6.091,0.496,1.795,0.347,2.455,0.49,0.75,1.886,1.409,1.684,0.1991,0.1064,0.1433,6.1391,203482,Kelly Olynyk,TOR,44,0,G
3.104,1.286,1.766,1.766,2.195,0.442,0.805,1.766,8.74,29.584,7.065,0.415,4.286,0.312,1.234,0.473,1.468,1.065,0.429,2.194,0.1172,0.0422,0.0597,7.4795,203484,Kentavious Caldwell-Pope,ORL,77,0,G
1.689,0.446,1.811,4.581,6.149,0.635,0.797,2.081,4.5,17.568,2.73,0.544,0.054,0.0,1.73,0.366,0.0,1.122,1.568,2.271,0.1748,0.0815,0.1031,3.1048,203486,Mason Plumlee,PHX,74,3,C/PF
4.736,0.778,1.764,7.222,10.903,1.444,1.236,2.528,12.028,33.222,7.083,0.674,0.0,0.0,3.792,0.587,0.0,2.556,3.681,1.427,0.1198,0.0807,0.0531,7.0267,203497,Rudy Gobert,MIN,72,3,C/PF
1.569,0.379,1.138,2.776,5.638,0.483,0.931,1.034,3.879,13.672,2.879,0.482,0.034,0.0,1.603,0.244,0.0,0.741,2.862,1.222,0.1386,0.1034,0.0832,3.2552,203500,Steven Adams,HOU,58,1,F/C
3.584,0.494,1.597,2.143,2.377,0.091,0.623,1.247,10.961,27.948,8.831,0.393,5.935,0.343,1.883,0.522,2.182,1.61,0.234,2.562,0.0764,0.0255,0.0571,9.1196,203501,Tim Hardaway Jr.,DET,77,4,G/F
11.836,0.866,6.463,9.716,11.91,1.164,3.075,2.313,30.388,34.194,19.687,0.607,0.94,0.104,10.552,0.582,0.209,6.507,2.194,2.102,0.1107,0.124,0.189,19.4992,203507,Giannis Antetokounmpo,MIL,67,2,BENCH
2.412,0.397,0.882,1.309,1.662,0.103,0.471,0.868,6.529,15.574,5.044,0.382,2.676,0.342,0.574,0.257,1.221,0.485,0.353,1.875,0.1058,0.0369,0.0566,6.3141,203552,Seth Curry,CHA,68,4,G/F
8.446,0.784,4.189,3.959,4.257,0.162,2.811,1.635,23.297,35.27,16.527,0.501,7.243,0.431,3.851,0.727,3.23,3.176,0.297,1.49,0.0828,0.0843,0.1188,16.8583,203897,Zach LaVine,CHI,74,2,BENCH
1.667,1.0,6.917,2.667,3.292,0.458,2.458,1.5,3.542,21.25,5.083,0.252,0.25,0.042,0.292,0.052,0.042,0.167,0.625,2.814,0.1295,0.1372,0.3255,6.6151,203901,Elfrid Payton,NOP,24,0,G
5.432,0.838,3.73,2.514,3.189,0.243,2.324,1.405,16.216,26.081,13.324,0.399,6.27,0.333,3.865,0.696,2.27,3.081,0.676,1.605,0.1013,0.0984,0.143,13.614,203903,Jordan Clarkson,UTA,37,0,G
1.062,0.542,0.625,0.917,1.333,0.25,0.354,0.938,3.021,14.771,2.771,0.306,2.104,0.255,0.25,0.059,0.75,0.146,0.417,1.765,0.1209,0.0409,0.0423,3.4706,203914,Gary Harris,ORL,48,4,G/F
3.595,0.886,4.418,2.418,2.646,0.215,1.291,1.532,11.038,27.0,8.633,0.409,4.127,0.346,3.076,0.574,1.38,2.468,0.228,3.422,0.1047,0.0558,0.1636,8.7897,203915,Spencer Dinwiddie,DAL,79,0,G
4.553,0.872,2.149,2.915,3.468,0.979,1.383,2.319,14.404,32.447,12.213,0.369,6.298,0.362,3.532,0.611,2.298,3.0,0.553,1.554,0.1097,0.0728,0.0662,12.3388,203924,Jerami Grant,POR,47,0,G
1.19,0.095,0.167,0.452,0.524,0.048,0.143,0.714,3.5,8.167,2.786,0.268,2.405,0.276,0.119,0.028,1.048,0.071,0.071,1.167,0.1319,0.0234,0.0204,4.4403,203926,Doug McDermott,SAC,42,1,F/C
5.176,0.451,3.216,3.275,4.843,0.275,1.431,1.608,14.667,28.373,9.745,0.523,3.373,0.425,3.51,0.672,1.471,2.843,1.569,2.247,0.091,0.0601,0.1133,9.8967,203932,Aaron Gordon,DEN,51,0,G
2.971,1.147,3.206,1.588,2.118,0.265,1.588,1.559,8.971,20.0,7.559,0.387,4.147,0.322,2.088,0.45,1.441,1.588,0.529,2.019,0.1547,0.0927,0.1603,7.677,203935,Marcus Smart,MEM,34,0,G
2.328,0.656,2.377,2.508,3.377,0.541,0.607,1.328,5.852,16.475,4.967,0.466,1.148,0.219,1.066,0.272,0.41,0.787,0.869,3.919,0.1487,0.0697,0.1443,4.9957,203937,Kyle Anderson,GSW,61,4,G/F
0.764,0.327,1.0,1.291,2.145,0.382,0.327,1.364,2.073,10.036,1.109,0.358,0.091,0.027,0.782,0.22,0.036,0.509,0.855,3.056,0.2042,0.0706,0.0996,2.1341,203939,Dwight Powell,DAL,55,1,F/C
6.594,0.681,4.681,4.971,7.058,0.232,2.841,2.536,18.667,32.275,13.609,0.479,4.551,0.304,4.855,0.72,1.565,3.913,2.087,1.648,0.1145,0.0952,0.145,13.7662,203944,Julius Randle,MIN,69,2,BENCH
6.267,1.0,2.633,3.0,4.483,0.833,1.65,1.683,17.967,30.683,13.983,0.436,5.8,0.358,4.283,0.688,2.167,3.267,1.483,1.596,0.1017,0.0809,0.0858,14.3739,203952,Andrew Wiggins,GSW,60,0,G
7.368,0.737,4.474,6.263,8.158,0.947,3.263,2.211,23.789,30.211,16.579,0.425,4.053,0.332,8.895,0.839,1.211,7.842,1.895,1.371,0.1116,0.1394,0.1481,17.3365,203954,Joel Embiid,PHI,19,2,BENCH
3.2,0.6,2.8,1.45,1.65,0.15,1.1,1.7,8.7,18.6,6.7,0.462,2.65,0.377,1.55,0.412,1.15,1.15,0.2,2.545,0.1485,0.0672,0.1505,6.9264,203957,Danté Exum,DAL,20,4,G/F
1.312,0.438,1.438,2.25,3.125,0.062,0.938,1.188,3.5,13.188,3.625,0.3,1.625,0.116,0.625,0.188,0.438,0.438,0.875,1.533,0.146,0.0758,0.109,4.3733,203967,Dario Šarić,DEN,16,1,F/C
3.964,0.618,1.127,5.364,8.527,0.964,0.855,1.927,8.873,21.491,7.091,0.566,0.018,0.0,1.764,0.348,0.0,0.945,3.164,1.319,0.1448,0.0846,0.0524,7.0035,203991,Clint Capela,ATL,55,3,C/PF
3.889,0.759,2.704,2.5,2.944,0.204,1.37,2.352,10.796,24.926,9.111,0.436,5.352,0.399,1.222,0.424,1.944,1.074,0.444,1.973,0.1423,0.0631,0.1085,8.9197,203992,Bogdan Bogdanović,LAC,54,0,G
3.294,0.784,2.255,6.137,7.804,0.667,1.902,2.549,8.882,20.824,6.902,0.463,2.059,0.252,2.51,0.534,0.627,1.667,1.667,1.186,0.1823,0.1234,0.1083,7.1145,203994,Jusuf Nurkić,CHA,51,3,C/PF
2.317,0.366,3.122,1.683,2.171,0.0,1.878,1.098,6.561,19.171,6.659,0.293,3.049,0.27,1.0,0.32,1.098,0.829,0.488,1.662,0.0916,0.098,0.1629,7.9078,203995,Vasilije Micić,CHA,41,4,G/F
11.229,1.814,10.229,9.886,12.743,0.643,3.286,2.286,29.586,36.786,19.486,0.585,4.729,0.428,6.443,0.762,1.971,5.157,2.857,3.113,0.1274,0.1068,0.2781,19.1949,203999,Nikola Jokić,DEN,70,2,BENCH
6.595,0.738,2.071,5.143,6.762,1.5,1.262,2.762,19.476,28.762,13.667,0.487,5.952,0.418,4.738,0.746,2.452,3.833,1.619,1.642,0.1386,0.096,0.072,13.5421,204001,Kristaps Porziņģis,BOS,42,3,C/PF
0.316,0.105,1.211,0.474,0.579,0.0,0.474,0.632,0.789,6.0,1.211,0.061,0.789,0.048,0.0,0.0,0.158,0.0,0.105,2.556,0.133,0.079,0.2018,3.16,204060,Joe Ingles,MIN,19,1,F/C
4.101,1.051,4.443,1.886,2.443,0.266,1.38,1.0,9.114,17.937,7.899,0.51,0.62,0.136,0.975,0.241,0.19,0.722,0.557,3.22,0.1428,0.0918,0.2477,8.0412,204456,T.J. McConnell,IND,79,0,G
3.778,0.852,5.296,1.926,2.42,0.099,1.123,0.778,10.235,26.815,8.432,0.431,4.951,0.387,0.704,0.263,2.049,0.63,0.494,4.714,0.0769,0.0456,0.1975,8.7657,1626145,Tyus Jones,PHX,81,0,G
1.125,0.875,1.925,0.975,1.65,0.3,0.55,0.625,3.125,15.875,3.275,0.253,1.825,0.194,0.625,0.138,0.5,0.375,0.675,3.5,0.1104,0.0535,0.1213,4.4466,1626153,Delon Wright,MIL,40,4,G/F
4.293,0.966,5.121,2.448,2.793,0.397,1.862,1.983,12.621,25.5,11.0,0.37,6.207,0.303,2.5,0.583,1.948,2.086,0.345,2.75,0.1302,0.0886,0.2008,11.6027,1626156,D'Angelo Russell,LAL,58,0,G
8.875,0.986,3.083,9.833,12.778,0.694,2.667,3.458,24.431,34.972,16.875,0.521,4.694,0.417,5.681,0.832,1.972,4.708,2.944,1.156,0.142,0.0961,0.0882,17.0345,1626157,Karl-Anthony Towns,NYK,72,2,BENCH
2.903,0.29,1.355,3.71,5.71,0.742,0.677,1.581,7.419,17.226,4.484,0.599,0.097,0.0,1.935,0.562,0.0,1.613,2.0,2.0,0.1434,0.0824,0.0787,4.8464,1626158,Richaun Holmes,WAS,31,3,C/PF
5.8,1.533,1.8,4.517,6.133,0.5,1.333,3.0,15.1,34.717,12.35,0.47,4.033,0.261,3.083,0.559,1.183,2.317,1.617,1.35,0.1441,0.0528,0.0518,12.3404,1626162,Kelly Oubre Jr.,PHI,60,0,G
8.72,0.893,7.053,3.053,4.067,0.213,2.933,2.64,25.64,37.267,18.933,0.453,7.347,0.299,6.44,0.885,2.44,5.76,1.013,2.405,0.107,0.0844,0.1893,19.2494,1626164,Devin Booker,PHX,75,2,BENCH
2.486,0.542,2.819,1.25,1.444,0.222,0.722,1.542,6.944,15.125,6.194,0.364,3.556,0.304,0.75,0.269,1.292,0.681,0.194,3.904,0.1619,0.0624,0.1864,6.8297,1626166,Cameron Payne,NYK,72,4,G/F
5.417,0.75,1.542,5.292,6.542,2.0,1.708,2.542,15.556,30.194,11.264,0.482,5.472,0.369,3.306,0.641,2.167,2.556,1.25,0.902,0.125,0.1228,0.0511,11.2386,1626167,Myles Turner,IND,72,3,C/PF
2.275,0.594,1.188,3.42,4.58,0.333,0.565,1.246,6.536,19.551,5.42,0.411,3.449,0.319,1.159,0.33,1.174,0.812,1.159,2.103,0.1151,0.0459,0.0608,5.5353,1626168,Trey Lyles,SAC,69,4,G/F
5.653,0.714,2.122,6.551,8.388,0.531,1.163,1.918,13.878,25.367,12.143,0.465,3.633,0.329,1.49,0.513,1.327,1.245,1.837,1.825,0.1221,0.0668,0.0837,12.157,1626171,Bobby Portis,MIL,49,3,C/PF
1.882,0.605,1.553,3.645,6.079,0.487,0.513,2.026,4.526,15.066,3.658,0.511,0.066,0.026,1.303,0.286,0.026,0.737,2.434,3.026,0.2085,0.0664,0.1031,3.683,1626172,Kevon Looney,GSW,76,4,G/F
1.0,1.0,0.5,2.0,4.0,0.0,1.0,0.0,3.0,10.0,5.0,0.312,2.0,0.125,1.0,0.25,0.5,0.5,2.0,0.5,0.1312,0.1,0.05,3.2051,1631386,Tazé Moore,POR,2,4,G/F
3.875,0.578,2.609,3.031,3.719,0.219,1.219,1.141,10.609,25.859,9.922,0.369,4.812,0.261,1.688,0.505,1.422,1.438,0.688,2.141,0.0807,0.0556,0.1009,10.5014,1626179,Terry Rozier,MIA,64,0,G
7.617,1.217,2.083,2.817,3.167,0.15,1.8,1.9,21.767,32.65,15.75,0.48,7.133,0.422,4.417,0.72,2.983,3.55,0.35,1.157,0.1102,0.0597,0.0638,15.8688,1626181,Norman Powell,LAC,60,0,G
2.024,0.22,1.707,2.195,2.659,0.268,0.585,1.098,5.268,14.78,4.317,0.434,1.976,0.273,0.756,0.217,0.634,0.585,0.463,2.917,0.1185,0.0577,0.1155,4.6636,1626192,Pat Connaughton,MIL,41,4,G/F
1.375,1.0,1.5,0.75,1.5,0.125,1.0,2.125,4.0,18.625,4.75,0.252,2.75,0.279,0.5,0.25,0.75,0.5,0.75,1.5,0.1813,0.0604,0.0805,5.4563,1626196,Josh Richardson,MIA,8,4,G/F
3.333,0.833,1.583,3.333,4.292,0.542,0.667,1.542,8.458,19.292,6.458,0.475,3.167,0.342,0.542,0.188,1.417,0.375,0.958,2.375,0.1477,0.0627,0.0821,7.0168,1626204,Larry Nance Jr.,ATL,24,4,G/F
3.213,0.893,2.173,3.947,4.653,0.453,0.867,2.013,9.067,24.56,7.6,0.41,5.88,0.394,0.347,0.123,2.387,0.253,0.707,2.508,0.135,0.0537,0.0885,7.8366,1626220,Royce O'Neale,PHX,75,0,G
2.275,0.745,5.588,3.804,4.725,0.451,2.0,2.098,5.02,21.941,4.373,0.461,0.0,0.0,0.647,0.149,0.0,0.471,0.922,2.794,0.1506,0.1117,0.2547,4.9349,1627732,Ben Simmons,BKN,51,0,G
7.529,0.686,6.043,10.071,13.886,0.371,2.886,3.271,19.1,34.686,12.757,0.592,2.229,0.364,4.129,0.675,0.929,3.114,3.814,2.094,0.1311,0.0939,0.1742,12.7179,1627734,Domantas Sabonis,SAC,70,2,BENCH
5.622,0.89,1.695,2.037,2.61,0.061,1.012,1.524,16.293,27.866,13.061,0.428,9.341,0.412,1.707,0.409,3.89,1.159,0.573,1.675,0.102,0.0385,0.0608,13.1355,1627736,Malik Beasley,DET,82,0,G
2.595,1.73,2.838,2.676,3.392,0.365,1.0,2.662,6.405,24.122,5.905,0.449,3.027,0.359,0.297,0.099,1.014,0.203,0.716,2.838,0.2007,0.0566,0.1177,5.7795,1627739,Kris Dunn,LAC,74,0,G
4.0,0.841,1.634,2.598,3.22,0.28,1.11,1.61,11.122,22.768,9.585,0.392,6.695,0.343,0.78,0.301,2.476,0.646,0.622,1.473,0.1249,0.0611,0.0718,10.2041,1627741,Buddy Hield,GSW,82,0,G
8.611,0.889,5.167,4.611,5.556,0.611,3.833,2.5,22.222,33.0,18.5,0.454,6.389,0.379,3.056,0.729,2.389,2.611,0.944,1.348,0.1165,0.1347,0.1566,18.967,1627742,Brandon Ingram,NOP,18,2,BENCH
4.375,0.891,3.359,2.531,3.172,0.516,1.188,1.547,12.125,24.875,9.359,0.441,4.438,0.35,2.422,0.522,1.656,1.719,0.641,2.829,0.1157,0.0685,0.135,9.9206,1627747,Caris LeVert,CLE,64,0,G
6.258,2.032,7.355,5.903,6.452,0.387,3.419,1.968,17.484,32.645,15.935,0.391,5.613,0.277,4.0,0.762,1.677,3.29,0.548,2.151,0.1345,0.1166,0.2253,16.0051,1627749,Dejounte Murray,NOP,31,2,BENCH
7.925,1.358,6.015,3.224,3.896,0.493,2.06,1.91,21.433,36.134,16.731,0.467,5.925,0.365,3.672,0.797,2.328,3.254,0.672,2.92,0.1034,0.0707,0.1665,16.97,1627750,Jamal Murray,DEN,67,2,BENCH
6.368,1.158,2.772,6.281,9.596,1.246,1.947,3.088,14.456,29.596,10.158,0.612,0.053,0.018,2.526,0.49,0.018,1.702,3.316,1.423,0.1641,0.1079,0.0937,10.4052,1627751,Jakob Poeltl,TOR,57,3,C/PF
2.938,0.95,1.938,3.162,3.588,0.188,1.025,2.062,8.2,27.112,6.425,0.443,4.188,0.427,0.6,0.244,1.838,0.488,0.425,1.89,0.1274,0.0447,0.0715,6.6321,1627752,Taurean Prince,MIL,80,0,G
8.222,1.159,4.54,4.54,5.841,0.302,2.571,2.444,22.19,34.286,17.746,0.466,5.683,0.318,5.111,0.692,1.841,3.905,1.302,1.765,0.1187,0.0838,0.1324,17.6438,1627759,Jaylen Brown,BOS,63,2,BENCH
4.333,0.542,4.083,2.917,3.792,0.208,1.583,1.25,12.708,23.542,10.0,0.409,2.333,0.244,3.833,0.757,0.667,3.375,0.875,2.579,0.0935,0.0761,0.1734,10.5941,1627763,Malcolm Brogdon,WAS,24,0,G
3.62,0.354,1.405,2.848,3.443,0.177,1.038,2.544,9.924,21.468,7.848,0.461,5.177,0.4,0.734,0.267,2.101,0.582,0.595,1.354,0.1565,0.0566,0.0654,7.8525,1627777,Georges Niang,CLE,79,4,G/F
2.758,0.839,1.339,2.129,2.984,0.274,0.629,1.742,6.452,14.887,4.806,0.543,1.532,0.198,0.613,0.206,0.5,0.435,0.855,2.128,0.2098,0.0607,0.0899,5.0792,1627780,Gary Payton II,GSW,62,4,G/F
7.859,0.897,3.372,5.218,6.923,0.538,1.397,2.423,20.231,32.731,15.154,0.517,4.154,0.374,3.949,0.706,1.615,2.897,1.705,2.413,0.1172,0.0591,0.103,15.2012,1627783,Pascal Siakam,IND,78,2,BENCH
1.08,0.24,0.44,0.68,0.8,0.0,0.4,0.24,3.32,5.88,2.96,0.338,1.48,0.2,0.84,0.35,0.36,0.8,0.12,1.1,0.1391,0.068,0.0748,3.1953,1627814,Damion Lee,PHX,25,1,F/C
4.029,0.829,2.114,3.729,5.643,0.343,1.243,2.343,10.971,27.043,8.043,0.464,3.914,0.305,1.971,0.497,1.486,1.429,1.914,1.701,0.1345,0.0586,0.0782,8.6832,1627824,Guerschon Yabusele,PHI,70,0,G
7.4,0.688,2.675,8.875,12.625,1.125,1.588,2.1,16.75,32.788,11.775,0.623,0.0,0.0,2.95,0.543,0.0,1.95,3.75,1.685,0.104,0.0827,0.0816,11.878,1627826,Ivica Zubac,LAC,80,3,C/PF
3.095,0.921,1.429,2.651,3.921,0.365,0.889,2.159,8.714,28.873,6.905,0.436,4.984,0.376,0.714,0.176,2.048,0.476,1.27,1.607,0.1218,0.0434,0.0495,7.0986,1627827,Dorian Finney-Smith,LAL,63,0,G
4.783,1.567,5.55,3.15,3.683,0.417,1.45,2.333,14.067,35.217,12.65,0.362,7.683,0.33,2.283,0.524,2.65,1.85,0.533,3.828,0.121,0.053,0.1576,13.2127,1627832,Fred VanVleet,HOU,60,0,G
4.026,1.026,0.779,2.208,3.416,0.429,0.857,1.987,10.143,24.338,7.649,0.538,2.844,0.333,1.532,0.435,1.013,1.078,1.208,0.909,0.1459,0.0528,0.032,7.4833,1627884,Derrick Jones Jr.,LAC,77,0,G
2.593,1.611,2.537,2.241,2.944,0.556,0.685,1.889,7.074,19.259,5.815,0.409,3.148,0.336,0.944,0.315,1.111,0.778,0.704,3.703,0.203,0.0644,0.1317,6.3399,1627936,Alex Caruso,OKC,54,0,G
2.543,1.343,3.286,2.657,3.371,0.486,1.171,1.571,7.629,22.143,6.943,0.389,5.571,0.354,0.771,0.212,1.914,0.629,0.714,2.805,0.1492,0.0748,0.1484,6.5373,1628366,Lonzo Ball,CHI,35,0,G
8.694,1.468,6.323,3.935,4.806,0.403,2.806,2.645,23.532,36.161,18.758,0.462,6.145,0.319,5.129,0.744,1.903,4.242,0.871,2.253,0.1265,0.0887,0.1749,18.8182,1628368,De'Aaron Fox,SAC,62,2,BENCH
9.194,1.056,5.986,7.986,8.653,0.528,2.903,2.181,26.833,36.431,20.347,0.447,10.111,0.341,6.111,0.833,3.472,4.972,0.667,2.062,0.1011,0.0942,0.1643,20.5682,1628369,Jayson Tatum,BOS,72,2,BENCH
6.338,0.938,5.569,3.308,3.769,0.585,2.446,2.431,17.185,31.6,14.446,0.434,6.585,0.295,2.738,0.662,2.138,2.369,0.462,2.277,0.1203,0.0959,0.1762,14.6037,1628370,Malik Monk,SAC,65,2,BENCH
1.887,0.859,0.563,2.732,4.423,1.127,0.465,1.268,5.352,15.338,4.563,0.393,2.127,0.195,1.507,0.385,0.549,1.028,1.69,1.212,0.1643,0.1038,0.0367,4.8015,1628371,Jonathan Isaac,ORL,71,4,G/F
6.298,0.702,1.489,4.383,5.915,0.362,1.404,1.681,18.979,31.383,14.894,0.431,8.489,0.346,3.936,0.743,2.936,3.447,1.532,1.061,0.0897,0.0563,0.0474,14.6125,1628374,Lauri Markkanen,UTA,47,0,G
8.239,1.338,4.986,3.732,4.535,0.239,2.099,1.972,23.958,31.408,18.592,0.443,8.915,0.356,5.099,0.749,3.282,4.197,0.803,2.376,0.1195,0.0744,0.1587,18.5982,1628378,Donovan Mitchell,CLE,71,2,BENCH
3.169,0.769,3.308,2.246,2.815,0.077,1.108,0.908,8.862,22.631,6.631,0.417,4.015,0.362,0.877,0.337,1.738,0.785,0.569,2.986,0.0925,0.0524,0.1462,7.5995,1628379,Luke Kennard,MEM,65,0,G
2.391,0.453,1.734,2.906,4.5,0.453,0.938,2.062,6.359,15.328,4.719,0.47,1.656,0.248,1.219,0.327,0.5,1.078,1.594,1.85,0.1947,0.0907,0.1131,5.0872,1628380,Zach Collins,SAS,64,4,G/F
7.0,0.975,2.0,5.95,8.175,1.0,2.575,2.9,18.95,30.5,13.275,0.538,3.7,0.381,4.1,0.894,1.475,3.475,2.225,0.777,0.1447,0.1172,0.0656,13.0112,1628381,John Collins,UTA,40,2,BENCH
6.608,1.486,2.216,3.527,4.838,0.878,1.378,2.324,18.0,36.568,13.878,0.465,6.216,0.361,3.054,0.632,2.311,2.473,1.311,1.608,0.1169,0.0617,0.0606,14.2108,1628384,OG Anunoby,NYK,74,0,G
5.512,0.939,1.927,7.098,9.732,0.89,1.183,1.549,13.451,27.988,7.805,0.697,0.061,0.0,3.378,0.582,0.0,2.427,2.634,1.629,0.1138,0.0741,0.0689,7.9082,1628386,Jarrett Allen,CLE,82,3,C/PF
6.923,1.256,4.321,7.231,9.603,0.679,2.064,2.077,18.077,34.346,14.269,0.478,2.833,0.308,4.205,0.693,1.013,3.218,2.372,2.093,0.111,0.0799,0.1258,14.4833,1628389,Bam Adebayo,MIA,78,2,BENCH
4.895,0.825,3.842,7.86,10.719,1.088,1.684,3.0,11.175,27.877,8.421,0.583,0.333,0.0,2.053,0.427,0.0,1.386,2.86,2.281,0.1581,0.0994,0.1378,8.3962,1628392,Isaiah Hartenstein,OKC,57,3,C/PF
5.692,0.554,2.338,4.862,5.692,0.292,2.246,1.831,14.831,29.785,13.046,0.438,4.815,0.254,3.108,0.461,1.477,1.969,0.831,1.041,0.0948,0.0852,0.0785,12.9954,1628398,Kyle Kuzma,MIL,65,0,G
5.579,0.947,4.75,3.605,4.487,1.053,1.724,1.816,16.421,33.829,12.618,0.442,9.092,0.386,2.118,0.623,3.487,1.776,0.882,2.756,0.0947,0.0821,0.1404,12.6222,1628401,Derrick White,BOS,76,0,G
5.247,1.545,5.883,7.481,9.571,0.351,2.052,2.61,13.649,37.61,10.0,0.527,3.273,0.313,2.662,0.565,1.091,2.065,2.091,2.867,0.1245,0.0639,0.1564,9.9564,1628404,Josh Hart,NYK,77,2,BENCH
0.222,0.111,0.556,0.444,0.556,0.0,0.111,0.333,0.778,4.0,0.333,0.222,0.333,0.222,0.667,0.056,0.222,0.111,0.111,5.0,0.1665,0.0278,0.139,1.0,1628408,PJ Dozier,MIN,9,1,F/C
5.12,0.8,1.707,2.667,3.667,0.213,1.013,3.227,14.04,31.84,11.933,0.423,6.253,0.388,1.613,0.451,2.48,1.32,1.0,1.684,0.1398,0.0385,0.0536,12.104,1628415,Dillon Brooks,HOU,75,0,G
2.47,0.424,0.803,2.545,3.803,0.621,0.455,1.152,6.5,14.591,4.864,0.462,2.242,0.297,0.97,0.438,0.727,0.833,1.258,1.767,0.1397,0.0737,0.055,5.3463,1628418,Thomas Bryant,IND,66,4,G/F
1.844,0.444,1.622,1.222,1.489,0.067,0.467,0.511,5.178,12.711,4.333,0.389,1.911,0.264,0.933,0.289,0.689,0.8,0.267,3.476,0.1057,0.042,0.1276,4.7404,1628420,Monté Morris,PHX,45,4,G/F
0.769,0.231,0.692,2.0,2.462,0.154,0.846,0.769,1.846,10.385,2.0,0.219,1.154,0.141,0.0,0.0,0.308,0.0,0.462,0.818,0.1174,0.0963,0.0666,3.5114,1628427,Vlatko Čančar,DEN,13,1,F/C
2.562,0.493,1.603,2.712,5.315,0.973,0.425,1.63,6.041,18.685,3.836,0.564,0.041,0.0,1.329,0.333,0.0,0.918,2.603,3.774,0.1438,0.0748,0.0858,4.5426,1628436,Luke Kornet,BOS,73,3,C/PF
3.64,0.48,0.66,3.08,4.48,0.5,0.58,1.36,10.04,17.28,7.4,0.46,3.86,0.305,1.74,0.402,1.4,1.36,1.4,1.138,0.1331,0.0625,0.0382,7.913,1628449,Chris Boucher,TOR,50,4,G/F
1.649,0.459,1.595,3.135,4.297,0.486,0.676,1.811,4.324,16.324,3.405,0.414,0.973,0.171,0.946,0.299,0.243,0.784,1.162,2.36,0.1644,0.0712,0.0977,3.9831,1628464,Daniel Theis,NOP,37,4,G/F
1.088,0.265,1.265,2.059,2.794,0.5,0.676,1.941,3.029,18.735,2.824,0.322,1.441,0.213,0.618,0.191,0.382,0.471,0.735,1.87,0.1349,0.0628,0.0675,3.3789,1628467,Maxi Kleber,DAL,34,4,G/F
1.462,0.308,0.654,1.769,2.808,0.462,0.308,1.308,4.154,12.0,3.462,0.312,2.538,0.272,0.462,0.154,0.923,0.308,1.038,2.125,0.1607,0.0642,0.0545,4.6859,1628470,Torrey Craig,BOS,26,4,G/F
3.422,0.844,2.141,2.5,3.031,0.297,1.172,1.484,10.625,24.125,7.641,0.454,5.469,0.428,1.781,0.468,2.328,1.453,0.531,1.827,0.1153,0.0609,0.0887,7.5374,1628960,Grayson Allen,PHX,64,0,G
1.774,0.29,0.355,1.484,2.71,0.258,0.387,0.581,4.387,8.645,3.419,0.38,0.613,0.038,1.129,0.266,0.097,0.742,1.226,0.917,0.1447,0.0746,0.0411,4.6684,1628963,Marvin Bagley III,WAS,31,1,F/C
1.625,0.281,0.562,3.531,4.531,0.969,0.625,1.75,4.312,12.938,3.5,0.462,1.688,0.222,0.844,0.294,0.469,0.594,1.0,0.9,0.1927,0.1232,0.0434,3.5173,1628964,Mo Bamba,LAC,32,4,G/F
7.22,0.915,3.732,2.293,3.159,0.524,1.61,1.549,17.61,37.073,14.427,0.489,5.646,0.325,1.439,0.421,2.0,1.171,0.866,2.318,0.0797,0.0576,0.1007,14.7648,1628969,Mikal Bridges,NYK,82,0,G
7.328,0.688,3.875,6.391,7.516,0.703,2.125,1.453,20.312,31.703,17.016,0.427,7.031,0.312,3.969,0.774,2.203,3.453,1.125,1.824,0.081,0.0892,0.1222,17.1616,1628970,Miles Bridges,CHA,64,2,BENCH
3.171,0.829,2.049,3.024,4.0,0.244,0.951,1.732,8.293,22.439,7.537,0.357,1.976,0.233,1.585,0.557,0.659,1.293,0.976,2.154,0.13,0.0533,0.0913,8.8824,1628971,Bruce Brown,NOP,41,0,G
9.0,0.923,7.308,2.462,2.877,0.123,2.523,2.123,26.0,35.4,18.462,0.484,6.108,0.352,6.892,0.779,2.338,5.662,0.415,2.896,0.0997,0.0747,0.2064,18.595,1628973,Jalen Brunson,NYK,65,2,BENCH
1.528,0.361,1.111,0.972,1.083,0.083,0.306,0.417,4.25,8.917,4.056,0.339,2.917,0.225,0.278,0.111,0.972,0.222,0.111,3.636,0.1253,0.0436,0.1246,4.5074,1628975,Jevon Carter,CHI,36,1,F/C
3.324,0.765,1.971,5.015,7.235,0.603,1.132,2.926,9.088,25.882,7.221,0.463,2.324,0.233,2.574,0.54,0.544,1.897,2.221,1.74,0.1605,0.067,0.0762,7.1793,1628976,Wendell Carter Jr.,ORL,68,3,C/PF
4.032,1.177,3.629,3.161,3.677,0.274,1.597,1.839,11.661,25.887,9.565,0.414,7.065,0.388,1.016,0.333,2.806,0.79,0.516,2.273,0.1325,0.0723,0.1402,9.7391,1628978,Donte DiVincenzo,MIN,62,0,G
1.529,0.235,1.059,1.765,3.0,0.529,0.824,1.588,3.412,8.529,2.882,0.491,0.0,0.0,0.471,0.176,0.0,0.353,1.235,1.286,0.2713,0.1586,0.1242,3.1141,1628981,Bruno Fernando,TOR,17,1,F/C
11.316,1.724,6.395,4.105,4.987,1.013,2.408,2.158,32.684,34.158,21.789,0.525,5.724,0.398,8.803,0.891,2.145,7.908,0.882,2.656,0.129,0.1002,0.1872,21.5543,1628983,Shai Gilgeous-Alexander,OKC,76,2,BENCH
1.887,0.306,1.339,1.048,1.258,0.177,0.597,1.032,5.484,12.79,4.323,0.366,2.919,0.314,0.661,0.255,1.161,0.548,0.21,2.243,0.1332,0.0605,0.1047,5.1557,1628988,Aaron Holiday,HOU,62,4,G/F
3.725,0.957,2.261,2.536,2.971,0.333,0.971,1.754,9.87,24.333,8.754,0.394,5.667,0.305,0.71,0.238,1.913,0.507,0.435,2.328,0.1276,0.0536,0.0929,9.4543,1628989,Kevin Huerter,SAC,69,0,G
8.0,1.243,2.0,4.405,5.635,1.527,2.068,3.473,22.176,29.784,16.392,0.487,5.257,0.372,5.378,0.744,1.973,4.203,1.23,0.967,0.1747,0.1207,0.0672,16.4271,1628991,Jaren Jackson Jr.,MEM,74,2,BENCH
2.867,1.022,2.111,2.756,3.933,0.511,1.244,1.933,7.911,27.067,6.756,0.412,2.289,0.272,2.178,0.394,0.822,1.356,1.178,1.696,0.1244,0.0648,0.078,6.9587,1628997,Caleb Martin,PHI,45,0,G
2.566,1.057,1.981,3.226,4.226,0.604,0.962,1.792,6.755,22.132,6.132,0.39,2.849,0.246,1.151,0.34,0.811,0.811,1.0,2.059,0.1463,0.0708,0.0895,6.5795,1628998,Cody Martin,CHA,53,0,G
3.667,1.167,2.833,2.333,3.333,0.333,1.667,3.0,10.333,20.167,9.0,0.38,5.833,0.34,1.333,0.194,2.167,0.833,1.0,1.7,0.2255,0.0992,0.1405,9.65,1629001,De'Anthony Melton,GSW,6,0,G
2.018,0.439,1.789,1.281,1.825,0.07,0.702,1.175,5.526,14.649,4.456,0.323,1.86,0.204,1.035,0.273,0.667,0.825,0.544,2.55,0.1322,0.0527,0.1221,6.2477,1629003,Shake Milton,LAL,57,4,G/F
3.105,0.5,2.0,1.789,2.368,0.184,1.368,1.132,8.789,19.974,7.947,0.364,5.342,0.329,0.921,0.325,1.842,0.737,0.579,1.462,0.0999,0.0777,0.1001,8.5302,1629004,Svi Mykhailiuk,UTA,38,4,G/F
2.35,1.2,0.825,1.7,2.825,0.45,0.775,1.175,7.075,15.675,5.3,0.416,2.3,0.265,2.125,0.359,0.8,1.575,1.125,1.065,0.1781,0.0781,0.0526,5.649,1629006,Josh Okogie,PHX,40,4,G/F
6.857,0.649,2.143,5.221,7.013,0.494,1.351,2.039,18.156,33.701,13.61,0.502,6.351,0.385,2.519,0.653,2.506,1.935,1.792,1.587,0.0947,0.0547,0.0636,13.6594,1629008,Michael Porter Jr.,DEN,77,0,G
6.603,0.746,4.19,1.762,2.714,0.095,2.54,2.286,18.397,27.968,13.762,0.48,4.302,0.37,3.984,0.758,1.746,3.444,0.952,1.65,0.1256,0.0942,0.1498,13.7562,1629012,Collin Sexton,UTA,63,0,G
2.12,0.46,0.54,1.0,1.22,0.04,0.44,1.04,5.72,15.22,4.6,0.438,3.12,0.312,0.36,0.11,1.24,0.24,0.22,1.227,0.1273,0.0315,0.0355,4.8402,1629013,Landry Shamet,NYK,50,4,G/F
6.843,0.857,4.814,2.343,2.7,0.071,2.043,1.671,19.257,32.714,16.071,0.414,8.471,0.338,2.771,0.681,3.071,2.5,0.357,2.357,0.0899,0.0646,0.1472,16.529,1629014,Anfernee Simons,POR,70,0,G
3.824,0.973,1.176,2.0,2.27,0.054,0.568,1.676,11.135,25.568,8.878,0.424,5.851,0.393,1.243,0.407,2.432,1.054,0.27,2.071,0.1202,0.0243,0.046,9.0189,1629018,Gary Trent Jr.,MIL,74,4,G/F
1.639,0.972,1.139,3.167,5.056,0.278,0.806,1.861,4.083,16.111,3.361,0.427,0.889,0.144,1.0,0.222,0.25,0.556,1.889,1.414,0.2023,0.0673,0.0707,3.8384,1629020,Jarred Vanderbilt,LAL,36,4,G/F
4.667,0.8,1.4,3.6,4.933,0.4,1.633,1.833,12.867,18.8,8.3,0.537,2.5,0.338,3.667,0.6,0.9,2.633,1.333,0.857,0.1686,0.1081,0.0745,8.6909,1629021,Moritz Wagner,ORL,30,0,G
5.281,1.105,2.298,6.316,7.754,1.053,2.07,2.298,14.667,32.158,11.667,0.445,4.193,0.357,3.474,0.487,1.596,2.509,1.439,1.11,0.1197,0.0971,0.0715,11.8674,1629023,P.J. Washington,DAL,57,3,C/PF
2.478,0.623,1.406,2.551,3.493,0.145,0.565,1.594,6.319,16.391,5.13,0.483,2.478,0.344,0.565,0.203,0.957,0.406,0.942,2.487,0.1647,0.0433,0.0858,5.1304,1629026,Kenrich Williams,OKC,69,4,G/F
7.447,1.197,11.579,2.632,3.105,0.158,4.671,1.908,24.224,36.026,18.105,0.407,8.447,0.325,7.382,0.841,2.868,6.461,0.474,2.479,0.0975,0.134,0.3214,18.2973,1629027,Trae Young,ATL,76,2,BENCH
6.625,0.775,1.6,7.05,10.15,0.975,1.725,2.2,14.4,30.25,11.7,0.568,0.8,0.096,1.5,0.297,0.15,1.0,3.1,0.928,0.1171,0.0893,0.0529,11.6637,1629028,Deandre Ayton,POR,40,3,C/PF
9.22,1.78,7.66,7.38,8.18,0.42,3.58,2.52,28.16,35.32,20.5,0.449,9.62,0.355,7.9,0.778,3.54,6.18,0.8,2.14,0.1345,0.1133,0.2169,20.5345,1629029,Luka Dončić,LAL,50,2,BENCH
2.957,0.7,1.957,4.229,6.614,1.4,1.029,2.143,7.171,20.5,4.843,0.557,0.4,0.036,1.9,0.372,0.043,1.214,2.386,1.903,0.1659,0.1185,0.0955,5.3088,1629048,Goga Bitadze,ORL,70,3,C/PF
2.5,0.65,1.05,4.15,5.9,1.65,0.85,1.55,5.8,17.55,3.9,0.534,0.15,0.05,0.85,0.3,0.05,0.75,1.75,1.235,0.1558,0.1425,0.0598,4.6816,1629057,Robert Williams III,POR,20,3,C/PF
4.966,0.763,1.407,3.661,5.0,0.441,0.831,1.78,13.136,31.627,9.763,0.514,4.186,0.389,1.915,0.533,1.729,1.475,1.339,1.694,0.0967,0.0402,0.0445,9.6615,1629060,Rui Hachimura,LAL,59,0,G
0.556,0.0,0.111,0.333,0.556,0.222,0.222,0.333,1.556,4.889,1.889,0.25,1.444,0.222,0.0,0.0,0.444,0.0,0.222,0.5,0.1192,0.0908,0.0227,2.224,1629098,Jack McVeigh,HOU,9,1,F/C
1.929,0.31,0.881,1.929,3.262,0.238,0.5,1.167,4.762,11.881,3.619,0.423,0.619,0.222,0.952,0.284,0.262,0.643,1.333,1.762,0.1599,0.0621,0.0742,4.5603,1629111,Jock Landale,HOU,42,4,G/F
3.919,0.541,2.378,2.014,2.257,0.081,1.162,1.824,11.041,24.149,8.959,0.416,6.527,0.381,0.716,0.288,2.568,0.635,0.243,2.047,0.1152,0.0515,0.0985,9.4207,1629130,Duncan Robinson,MIA,74,4,G/F
0.674,0.348,1.109,0.522,0.652,0.022,0.348,0.391,2.13,6.848,1.565,0.275,1.0,0.223,0.478,0.174,0.413,0.37,0.13,3.188,0.1481,0.054,0.1619,2.4509,1629162,Jordan McLaughlin,SAC,46,1,F/C
2.333,0.708,1.361,1.0,1.278,0.181,0.569,2.111,6.389,21.194,5.833,0.38,4.292,0.304,0.292,0.111,1.514,0.208,0.278,2.39,0.1509,0.0354,0.0642,6.1395,1629216,Gabe Vincent,LAL,72,4,G/F
1.885,0.197,0.885,2.721,3.705,0.639,0.672,1.033,4.59,12.23,3.18,0.507,0.098,0.049,1.164,0.291,0.049,0.77,0.984,1.317,0.142,0.1072,0.0724,3.7179,1629234,Drew Eubanks,UTA,61,1,F/C
2.419,0.919,1.514,2.432,3.405,0.5,0.73,2.216,6.459,24.568,5.284,0.393,3.149,0.318,0.581,0.159,1.203,0.419,0.973,2.074,0.1436,0.0501,0.0616,6.1552,1629312,Haywood Highsmith,MIA,74,4,G/F
3.333,0.556,1.069,1.792,2.236,0.097,0.625,1.667,9.667,24.278,7.083,0.438,3.431,0.357,1.792,0.561,1.403,1.597,0.444,1.711,0.1096,0.0297,0.044,7.6096,1629599,Amir Coffey,LAC,72,4,G/F
2.511,0.553,1.128,2.085,2.872,0.532,0.745,2.106,6.702,22.766,6.191,0.359,3.489,0.292,0.638,0.229,1.17,0.511,0.787,1.514,0.1326,0.0561,0.0495,6.9944,1629610,DaQuan Jeffries,CHA,47,4,G/F
3.06,0.701,1.806,1.955,2.97,0.224,0.701,1.91,7.716,21.119,6.164,0.47,2.433,0.34,1.015,0.276,0.896,0.701,1.015,2.574,0.1459,0.0438,0.0855,6.5106,1629611,Terance Mann,LAC,67,4,G/F
3.8,1.215,5.015,2.8,3.323,0.169,1.723,2.292,10.046,28.969,8.292,0.469,2.692,0.28,2.092,0.526,0.785,1.662,0.523,2.911,0.1373,0.0653,0.1731,8.1023,1629614,Andrew Nembhard,IND,65,0,G
1.571,0.388,2.184,1.143,1.449,0.102,0.49,0.776,4.082,13.531,3.673,0.378,2.061,0.279,0.163,0.082,0.816,0.122,0.306,4.458,0.114,0.0438,0.1614,4.1561,1629618,Jalen Pickett,DEN,49,4,G/F
3.3,0.52,3.16,3.28,4.34,0.24,1.08,2.08,9.42,25.46,7.46,0.43,5.86,0.357,0.68,0.24,2.26,0.56,1.06,2.926,0.119,0.0518,0.1241,7.6744,1629622,Max Strus,CLE,50,0,G
2.667,0.25,0.611,2.333,2.889,0.694,0.556,0.556,6.778,12.5,5.083,0.495,2.583,0.223,0.722,0.218,0.889,0.556,0.556,1.1,0.1041,0.1,0.0489,5.3879,1629626,Bol Bol,PHX,36,4,G/F
9.6,1.233,5.3,4.667,7.2,0.9,3.0,2.733,24.567,28.533,16.933,0.558,0.433,0.067,8.033,0.615,0.1,5.267,2.533,1.767,0.1586,0.1367,0.1857,17.2043,1629627,Zion Williamson,NOP,30,2,BENCH
7.931,0.793,5.414,5.259,6.31,0.293,2.845,2.362,21.086,32.207,16.931,0.471,5.276,0.362,5.362,0.543,1.845,3.379,1.052,1.903,0.1126,0.0974,0.1681,16.8386,1629628,RJ Barrett,TOR,58,2,BENCH
1.152,1.0,0.667,1.485,2.0,0.303,0.364,1.303,3.182,17.848,2.848,0.354,1.424,0.22,0.788,0.2,0.394,0.485,0.515,1.833,0.1489,0.0374,0.0374,3.2542,1629629,Cam Reddish,LAL,33,4,G/F
8.08,1.22,7.28,3.42,4.1,0.24,3.7,2.26,23.18,30.3,17.78,0.459,5.7,0.3,6.38,0.801,1.76,5.26,0.68,1.968,0.13,0.13,0.2403,17.6035,1629630,Ja Morant,MEM,50,2,BENCH
5.594,0.781,1.438,3.344,4.031,0.203,1.281,2.422,17.0,27.219,11.906,0.472,6.062,0.401,3.969,0.722,2.453,3.359,0.688,1.122,0.135,0.0545,0.0528,11.8517,1629631,De'Andre Hunter,ATL,64,0,G
6.865,0.932,4.459,3.351,3.689,0.216,2.392,2.081,20.392,33.095,15.149,0.446,7.892,0.364,4.149,0.813,2.919,3.743,0.338,1.864,0.1045,0.0788,0.1347,15.3924,1629632,Coby White,CHI,74,2,BENCH
3.688,0.812,1.031,3.109,5.094,0.562,0.641,2.266,8.344,18.891,5.938,0.589,0.266,0.004,1.359,0.338,0.016,0.953,1.984,1.61,0.1941,0.0637,0.0546,6.2615,1629634,Brandon Clarke,MEM,64,3,C/PF
7.387,1.213,6.747,2.227,2.853,0.147,2.52,1.907,20.587,30.667,15.653,0.476,7.053,0.401,3.4,0.729,2.827,2.987,0.627,2.677,0.1173,0.087,0.22,15.5189,1629636,Darius Garland,CLE,75,2,BENCH
2.875,0.554,1.036,3.411,4.804,0.911,0.768,2.429,6.839,19.518,3.982,0.702,0.054,0.0,1.75,0.42,0.0,1.089,1.393,1.349,0.1888,0.086,0.0531,4.0954,1629637,Jaxson Hayes,LAL,56,3,C/PF
3.293,0.61,2.72,2.573,3.232,0.415,1.207,1.695,9.427,25.293,7.512,0.44,4.512,0.389,1.439,0.448,1.72,1.122,0.659,2.253,0.1085,0.0641,0.1075,7.4841,1629638,Nickeil Alexander-Walker,MIN,82,0,G
8.455,0.896,5.506,4.727,5.182,0.221,2.571,1.104,23.896,35.403,17.896,0.477,8.701,0.374,4.247,0.803,3.26,3.727,0.455,2.141,0.07,0.0789,0.1555,17.7254,1629639,Tyler Herro,MIA,77,2,BENCH
4.818,0.636,1.623,3.364,4.818,0.286,1.0,1.494,12.714,23.779,10.0,0.47,3.558,0.292,2.519,0.576,1.13,1.948,1.455,1.623,0.1093,0.0541,0.0683,10.2511,1629640,Keldon Johnson,SAS,77,0,G
2.222,0.556,1.667,2.889,5.222,0.444,0.333,0.556,5.889,21.778,4.444,0.456,3.111,0.285,0.333,0.074,1.222,0.222,2.333,5.0,0.072,0.0357,0.0765,4.8728,1629643,Chuma Okeke,PHI,9,4,G/F
3.907,1.08,3.413,3.147,3.707,0.173,1.813,1.587,10.28,19.76,8.693,0.439,2.36,0.242,2.253,0.458,0.733,1.733,0.56,1.882,0.1572,0.1005,0.1727,8.8998,1629645,Kevin Porter Jr.,LAC,75,0,G
1.889,0.389,0.472,2.667,4.222,0.833,0.639,1.389,4.361,10.472,3.25,0.473,0.0,0.0,0.917,0.229,0.0,0.583,1.556,0.739,0.215,0.1406,0.0451,3.9937,1629646,Charles Bassey,SAS,36,1,F/C
2.615,0.462,0.154,2.462,3.385,0.308,0.846,1.308,5.846,9.231,3.769,0.413,0.0,0.0,0.846,0.251,0.0,0.615,0.923,0.182,0.2365,0.125,0.0167,6.3317,1629650,Moses Brown,IND,13,1,F/C
4.571,0.886,2.243,5.114,7.357,1.429,1.243,2.143,10.343,26.929,8.114,0.567,0.3,0.057,2.2,0.321,0.071,1.129,2.243,1.805,0.1335,0.0992,0.0833,8.0617,1629651,Nic Claxton,BKN,70,3,C/PF
3.634,1.113,1.62,2.873,4.127,0.549,0.718,2.93,10.127,29.254,8.352,0.418,5.817,0.376,0.648,0.205,2.394,0.465,1.254,2.255,0.1525,0.0433,0.0554,8.6938,1629652,Luguentz Dort,OKC,71,0,G
4.965,0.404,1.404,4.088,6.807,1.789,1.158,2.667,12.298,21.596,7.07,0.692,0.0,0.0,3.439,0.611,0.0,2.368,2.719,1.212,0.1742,0.1365,0.065,7.1749,1629655,Daniel Gafford,DAL,57,3,C/PF
5.12,0.987,3.04,3.533,4.32,0.293,1.88,1.84,14.56,26.867,10.973,0.427,5.613,0.335,2.853,0.528,2.16,2.16,0.787,1.617,0.1211,0.0809,0.1131,11.9906,1629656,Quentin Grimes,DAL,75,0,G
2.293,0.362,1.431,1.397,1.724,0.19,0.69,1.017,6.534,12.448,5.017,0.325,2.103,0.209,1.69,0.343,0.707,1.241,0.328,2.075,0.1369,0.0707,0.115,7.0554,1629659,Talen Horton-Tucker,CHI,58,4,G/F
4.557,1.114,3.386,1.757,2.471,0.043,1.314,1.457,12.543,19.857,8.829,0.514,3.614,0.379,2.114,0.615,1.586,1.843,0.714,2.576,0.1554,0.0683,0.1705,8.8658,1629660,Ty Jerome,CLE,70,0,G
6.228,0.93,3.404,3.386,4.333,0.439,1.737,1.825,18.772,31.579,13.105,0.478,7.158,0.402,3.947,0.773,2.789,3.526,0.947,1.96,0.1024,0.0689,0.1078,13.0293,1629661,Cameron Johnson,BKN,57,0,G
3.25,0.125,2.25,1.75,2.5,0.5,1.0,1.125,8.375,21.0,9.125,0.319,3.375,0.317,1.375,0.5,1.0,0.875,0.75,2.25,0.0747,0.0714,0.1071,10.1881,1629669,Jaylen Nowell,NOP,8,4,G/F
6.721,1.265,4.456,2.529,2.985,0.397,3.0,2.956,20.456,29.471,15.544,0.42,9.147,0.367,4.029,0.766,3.456,3.559,0.456,1.485,0.1575,0.1153,0.1512,16.0024,1629673,Jordan Poole,WAS,68,2,BENCH
2.129,0.29,0.726,2.371,3.806,0.677,0.645,1.71,5.0,13.919,3.274,0.54,0.048,0.0,0.984,0.312,0.0,0.742,1.435,1.125,0.1825,0.095,0.0522,3.9426,1629674,Neemias Queta,BOS,62,1,F/C
5.325,0.725,2.262,4.85,6.0,0.9,1.35,2.362,14.225,27.562,11.538,0.454,5.775,0.356,1.788,0.506,2.188,1.388,1.15,1.676,0.1285,0.0816,0.0821,11.7291,1629675,Naz Reid,MIN,80,0,G
3.375,1.125,2.312,4.0,5.125,0.812,1.75,2.875,10.375,29.938,7.688,0.44,4.625,0.363,2.312,0.578,1.688,1.938,1.125,1.321,0.1483,0.0856,0.0772,7.6705,1629684,Grant Williams,CHA,16,0,G
0.891,0.652,0.913,2.478,3.283,0.304,0.348,0.696,2.435,12.13,1.978,0.368,1.348,0.29,0.174,0.098,0.5,0.152,0.804,2.625,0.1415,0.0538,0.0753,2.4212,1629723,John Konchar,MEM,46,4,G/F
2.17,0.553,1.277,1.574,1.851,0.319,0.66,1.723,7.511,17.702,5.468,0.349,4.638,0.345,1.66,0.447,1.809,1.362,0.277,1.935,0.1483,0.0553,0.0721,6.2178,1629726,Garrison Mathews,ATL,47,4,G/F
1.898,0.712,1.288,3.356,4.22,0.339,0.373,1.712,5.424,21.271,4.593,0.43,3.763,0.364,0.508,0.15,1.356,0.271,0.864,3.455,0.1342,0.0335,0.0606,4.414,1629731,Dean Wade,CLE,59,4,G/F
1.809,0.956,0.824,2.338,3.206,0.456,0.471,1.441,5.103,18.485,4.221,0.405,2.074,0.291,1.118,0.334,0.676,0.809,0.868,1.75,0.1516,0.0501,0.0446,4.4667,1629750,Javonte Green,NOP,68,4,G/F
9.127,1.152,4.544,4.924,5.696,0.646,3.152,1.899,27.557,36.304,20.405,0.447,10.266,0.388,6.278,0.784,4.051,5.253,0.772,1.442,0.0964,0.1046,0.1252,20.4183,1630162,Anthony Edwards,MIN,79,2,BENCH
8.638,1.149,7.362,3.936,4.936,0.277,3.553,3.34,25.191,32.021,21.34,0.4,11.234,0.342,4.872,0.766,3.809,4.106,1.0,2.072,0.1527,0.1196,0.2299,21.595,1630163,LaMelo Ball,CHA,47,2,BENCH
2.0,0.0,0.0,1.0,1.0,0.0,0.0,0.0,6.0,5.0,4.0,0.5,1.0,0.0,2.0,1.0,0.0,2.0,0.0,0.0,0.1,0.0,0.0,4.0,1630164,James Wiseman,IND,1,1,F/C
5.583,0.986,3.903,5.722,7.25,0.486,2.722,2.375,16.931,30.014,11.722,0.462,4.75,0.338,5.167,0.739,1.736,4.028,1.528,1.434,0.1274,0.1069,0.13,12.0844,1630166,Deni Avdija,POR,72,2,BENCH
4.013,0.582,1.62,3.316,4.025,0.354,0.861,1.367,10.544,19.57,7.582,0.514,3.81,0.302,1.443,0.406,1.392,1.127,0.709,1.882,0.1259,0.0621,0.0828,7.8074,1630167,Obi Toppin,IND,79,4,G/F
5.243,0.932,2.27,5.946,8.919,0.919,1.216,2.608,13.351,27.838,9.243,0.559,2.0,0.235,2.919,0.538,0.649,2.216,2.973,1.867,0.1472,0.0767,0.0815,9.3792,1630168,Onyeka Okongwu,ATL,74,3,C/PF
6.521,1.438,9.219,2.959,3.534,0.671,1.644,1.26,18.616,33.603,13.781,0.454,7.699,0.365,3.041,0.657,2.986,2.589,0.575,5.608,0.0938,0.0689,0.2744,14.3634,1630169,Tyrese Haliburton,IND,73,2,BENCH
6.156,1.312,2.859,3.453,3.984,0.516,1.375,1.688,16.266,31.0,13.891,0.434,6.703,0.356,1.875,0.525,2.469,1.484,0.531,2.08,0.1108,0.061,0.0922,14.1843,1630170,Devin Vassell,SAS,64,0,G
2.255,0.582,1.236,1.473,2.364,0.291,0.418,1.891,6.127,19.2,4.855,0.474,2.745,0.342,0.836,0.25,1.018,0.6,0.891,2.957,0.1535,0.0369,0.0644,4.7574,1630171,Isaac Okoro,CLE,55,4,G/F
3.254,0.762,1.968,3.079,3.762,0.508,1.365,1.397,8.984,24.984,8.19,0.392,4.317,0.329,1.317,0.394,1.524,0.952,0.683,1.442,0.1021,0.075,0.0788,8.301,1630172,Patrick Williams,CHI,63,0,G
2.877,0.825,0.965,3.789,5.561,0.737,0.789,1.421,6.649,20.491,5.737,0.499,0.632,0.11,1.211,0.321,0.175,0.719,1.772,1.222,0.134,0.0745,0.0471,5.7655,1630173,Precious Achiuwa,NYK,57,3,C/PF
4.267,0.778,1.2,3.133,3.956,0.378,0.822,2.533,12.022,24.956,8.422,0.487,4.333,0.43,1.778,0.523,1.867,1.622,0.822,1.459,0.1522,0.0481,0.0481,8.7618,1630174,Aaron Nesmith,IND,45,0,G
3.433,0.672,2.851,2.358,3.045,0.478,1.537,2.254,9.403,18.418,8.104,0.401,3.254,0.326,1.687,0.448,1.149,1.388,0.687,1.854,0.1806,0.1094,0.1548,8.5611,1630175,Cole Anthony,ORL,67,0,G
9.173,1.75,6.096,3.058,3.346,0.404,2.385,2.231,26.327,37.75,20.981,0.427,9.192,0.326,5.558,0.87,3.096,4.885,0.288,2.556,0.1168,0.0739,0.1615,21.4824,1630178,Tyrese Maxey,PHI,52,2,BENCH
2.647,1.088,1.588,1.706,2.529,0.221,1.029,2.426,7.441,27.794,6.191,0.402,3.647,0.338,1.059,0.321,1.426,0.721,0.824,1.543,0.1409,0.045,0.0571,6.5846,1630182,Josh Green,CHA,68,0,G
4.854,1.341,1.988,4.159,5.732,0.902,1.159,2.744,12.195,31.939,10.171,0.47,3.695,0.342,1.561,0.405,1.22,1.268,1.573,1.716,0.1426,0.0645,0.0622,10.3277,1630183,Jaden McDaniels,MIN,82,0,G
2.969,0.266,1.016,4.188,5.578,0.688,0.578,1.484,8.188,15.109,6.375,0.456,3.469,0.296,1.391,0.395,1.125,1.125,1.391,1.757,0.146,0.0838,0.0672,6.511,1630188,Jalen Smith,CHI,64,4,G/F
2.444,0.389,1.708,3.736,5.542,1.403,0.944,2.542,6.042,19.903,4.375,0.532,0.736,0.15,1.208,0.351,0.236,0.917,1.806,1.809,0.174,0.1179,0.0858,4.594,1630191,Isaiah Stewart,DET,72,3,C/PF
1.228,0.439,0.404,1.0,1.579,0.667,0.246,1.088,3.228,10.684,2.474,0.397,0.912,0.156,0.772,0.187,0.298,0.474,0.579,1.643,0.1801,0.0855,0.0378,3.0932,1630192,Zeke Nnaji,DEN,57,1,F/C
5.576,0.697,5.788,3.061,3.545,0.121,1.758,1.848,17.091,27.727,13.273,0.435,6.818,0.377,3.879,0.769,2.576,3.364,0.485,3.293,0.1075,0.0678,0.2087,12.8184,1630193,Immanuel Quickley,TOR,33,0,G
1.6,0.867,0.978,1.844,2.733,0.556,0.578,1.667,4.089,9.756,3.156,0.432,0.622,0.163,0.933,0.283,0.178,0.711,0.889,1.692,0.304,0.1162,0.1002,3.7037,1630194,Paul Reed,DET,45,4,G/F
3.5,0.649,1.608,2.095,2.649,0.122,0.514,1.527,10.216,21.703,7.946,0.412,6.297,0.383,0.757,0.268,2.595,0.622,0.554,3.132,0.1192,0.0293,0.0741,8.4951,1630198,Isaiah Joe,OKC,74,4,G/F
2.783,0.804,4.174,1.848,2.522,0.217,0.761,1.196,7.174,19.652,5.174,0.51,1.043,0.257,1.457,0.419,0.413,1.196,0.674,5.486,0.1277,0.0498,0.2124,5.4569,1630200,Tre Jones,SAS,46,4,G/F
5.112,0.875,3.488,2.562,3.838,0.175,1.038,1.475,14.3,28.438,10.825,0.451,7.825,0.385,1.05,0.324,3.188,0.888,1.275,3.361,0.0985,0.0427,0.1227,11.3348,1630202,Payton Pritchard,BOS,80,0,G
3.596,0.246,0.86,5.579,8.175,0.965,1.421,2.474,9.281,22.035,6.088,0.539,0.035,0.0,2.807,0.539,0.0,2.088,2.596,0.605,0.1479,0.1083,0.039,6.6716,1630208,Nick Richards,PHX,57,3,C/PF
0.394,0.333,0.212,1.0,1.303,0.152,0.424,0.545,1.03,7.0,1.606,0.164,0.97,0.061,0.121,0.045,0.152,0.091,0.303,0.5,0.1489,0.0823,0.0303,2.4024,1630214,Xavier Tillman,BOS,33,1,F/C
3.383,0.7,3.667,1.417,1.833,0.217,1.333,1.617,9.017,17.417,7.55,0.434,2.817,0.258,1.517,0.494,1.0,1.25,0.417,2.75,0.1579,0.089,0.2105,7.7949,1630215,Jared Butler,WAS,60,4,G/F
7.145,1.159,5.348,5.159,6.058,0.406,2.449,2.377,19.232,31.928,14.754,0.475,6.058,0.38,2.87,0.7,2.377,2.565,0.899,2.183,0.1256,0.0894,0.1675,15.0421,1630217,Desmond Bane,MEM,69,2,BENCH
0.9,0.0,1.1,0.7,0.9,0.1,0.1,0.3,2.3,4.6,1.8,0.291,0.8,0.033,0.5,0.25,0.1,0.4,0.2,11.0,0.1285,0.0435,0.2391,3.0928,1630222,Mason Jones,SAC,10,1,F/C
7.415,0.866,3.439,4.049,4.598,0.329,2.476,1.549,21.012,32.902,17.524,0.41,8.061,0.332,4.098,0.683,2.854,3.329,0.549,1.389,0.0859,0.0853,0.1045,18.0854,1630224,Jalen Green,HOU,82,2,BENCH
0.0,0.0,1.0,1.333,1.333,0.0,1.333,0.333,0.333,4.667,0.333,0.0,0.333,0.0,0.667,0.167,0.0,0.333,0.0,0.75,0.0714,0.2856,0.2143,0.0,1630227,Daishen Nix,MIN,3,1,F/C
5.489,0.809,2.213,3.426,4.617,0.447,1.511,1.915,15.298,24.319,12.085,0.446,3.213,0.251,5.0,0.563,0.979,3.34,1.191,1.465,0.1304,0.0805,0.091,12.3072,1630228,Jonathan Kuminga,GSW,47,0,G
5.246,1.014,3.014,3.652,4.754,0.159,1.623,1.58,13.246,27.783,10.319,0.489,3.159,0.233,2.319,0.561,0.87,1.884,1.101,1.857,0.111,0.0641,0.1085,10.728,1630230,Naji Marshall,DAL,69,0,G
2.581,0.395,1.116,2.209,2.907,0.512,0.558,2.349,6.372,21.116,4.674,0.506,1.349,0.164,1.093,0.457,0.349,0.86,0.698,2.0,0.1539,0.0507,0.0529,5.1008,1630231,KJ Martin,PHI,43,4,G/F
2.423,0.746,1.521,1.676,2.211,0.197,0.493,1.746,7.169,19.803,5.972,0.388,5.183,0.35,0.408,0.176,1.93,0.394,0.535,3.086,0.1454,0.0348,0.0768,6.2448,1630241,Sam Merrill,CLE,71,4,G/F
1.806,1.0,1.226,0.903,1.742,0.323,0.71,1.226,4.903,13.871,4.742,0.275,2.484,0.219,0.677,0.25,0.71,0.581,0.839,1.727,0.1803,0.0745,0.0884,6.5673,1630243,Trevelin Queen,ORL,31,4,G/F
4.804,0.935,4.522,2.935,3.5,0.391,1.5,2.283,12.304,30.283,9.761,0.496,4.109,0.327,1.717,0.444,1.348,1.348,0.565,3.014,0.1226,0.0624,0.1493,9.6855,1630245,Ayo Dosunmu,CHI,46,0,G
2.544,0.632,2.579,2.351,2.737,0.456,0.877,1.842,7.228,20.228,5.123,0.459,3.614,0.378,0.789,0.295,1.579,0.561,0.386,2.94,0.145,0.0659,0.1275,5.5425,1630249,Vít Krejčí,ATL,57,4,G/F
1.346,0.5,0.904,1.288,2.25,0.135,0.423,1.577,3.615,11.346,2.846,0.346,0.885,0.138,0.904,0.254,0.308,0.615,0.962,2.136,0.2136,0.0492,0.0797,3.8902,1630256,Jae'Sean Tate,HOU,52,1,F/C
0.843,0.176,0.314,0.941,1.294,0.039,0.196,0.588,2.529,7.784,1.725,0.324,0.608,0.142,0.98,0.198,0.196,0.647,0.353,1.6,0.1398,0.0302,0.0403,2.6019,1630264,Anthony Gill,WAS,51,1,F/C
1.273,0.091,0.455,2.455,3.545,0.273,0.364,1.364,3.091,11.455,2.0,0.439,0.0,0.0,0.909,0.273,0.0,0.545,1.091,1.25,0.1653,0.0556,0.0397,2.8998,1630283,Kylor Kelley,DAL,11,1,F/C
2.732,0.585,1.902,1.171,1.463,0.293,0.366,0.707,6.951,15.195,5.61,0.39,1.707,0.238,1.098,0.265,0.683,0.805,0.293,5.2,0.1107,0.0434,0.1252,7.0051,1630288,Jeff Dowtin Jr.,PHI,41,4,G/F
1.051,0.359,1.231,0.795,1.179,0.077,0.462,0.513,2.513,6.385,2.59,0.265,0.564,0.047,0.385,0.141,0.128,0.282,0.385,2.667,0.1781,0.0844,0.1928,3.966,1630311,Pat Spencer,GSW,39,1,F/C
2.97,0.727,2.303,1.394,1.758,0.152,1.182,1.0,8.333,14.758,5.697,0.41,1.818,0.275,2.0,0.503,0.727,1.667,0.364,1.949,0.1448,0.0904,0.1561,7.2439,1630314,Brandon Williams,DAL,33,4,G/F
1.769,0.519,1.0,1.731,2.115,0.212,0.385,1.192,4.923,14.981,4.788,0.342,3.577,0.332,0.212,0.08,1.231,0.154,0.385,2.6,0.137,0.0399,0.0668,5.1725,1630322,Lindy Waters III,GSW,52,4,G/F
0.526,0.105,0.158,0.421,0.421,0.0,0.158,0.053,1.474,3.579,1.632,0.17,1.0,0.126,0.105,0.053,0.316,0.105,0.0,1.0,0.0916,0.0441,0.0441,3.0941,1630346,Matt Ryan,NYK,19,1,F/C
2.394,0.591,1.333,3.106,4.773,0.106,0.773,1.197,6.333,18.803,5.258,0.438,2.485,0.298,0.833,0.279,0.848,0.697,1.667,1.725,0.1184,0.0467,0.0709,5.4658,1630526,Jeremiah Robinson-Earl,NOP,66,4,G/F
3.952,1.262,2.19,2.524,3.19,0.214,1.238,1.738,10.667,23.667,9.071,0.412,3.333,0.324,2.024,0.518,1.167,1.595,0.667,1.769,0.1442,0.0614,0.0925,9.5922,1630527,Brandon Boston,NOP,42,0,G
0.786,0.357,0.571,0.643,0.643,0.214,0.429,0.143,2.0,5.0,2.214,0.192,0.786,0.086,0.429,0.143,0.143,0.286,0.0,1.333,0.1384,0.1286,0.1142,4.0938,1630528,Josh Christopher,MIA,14,1,F/C
3.75,1.85,3.25,2.8,3.9,0.45,1.75,3.3,10.25,32.45,8.6,0.434,3.6,0.261,2.0,0.493,1.1,1.65,1.1,1.857,0.1721,0.0678,0.1002,8.6406,1630529,Herbert Jones,NOP,20,0,G
7.189,1.057,3.547,4.17,5.057,0.736,1.943,2.113,21.208,35.019,15.83,0.447,8.264,0.351,4.34,0.838,2.981,3.849,0.887,1.825,0.1033,0.0765,0.1013,16.0828,1630530,Trey Murphy III,NOP,53,2,BENCH
0.814,0.558,0.767,0.953,1.349,0.093,0.372,0.977,2.535,8.512,2.093,0.252,1.116,0.128,0.884,0.267,0.279,0.628,0.395,2.062,0.2099,0.0546,0.0901,3.2302,1630531,Jaden Springer,BOS,43,1,F/C
8.95,1.25,4.733,4.767,5.7,0.35,2.3,2.45,24.15,33.733,19.35,0.464,5.867,0.266,5.183,0.807,1.733,4.517,0.933,2.058,0.1234,0.0786,0.1403,19.2888,1630532,Franz Wagner,ORL,60,2,BENCH
3.397,0.984,1.333,3.587,4.556,0.444,1.063,2.365,10.032,24.508,8.254,0.39,4.794,0.312,1.952,0.575,1.635,1.603,0.968,1.254,0.1526,0.0615,0.0544,8.7103,1630533,Ziaire Williams,BKN,63,0,G
4.156,0.906,1.531,2.828,3.781,0.469,0.844,1.953,10.422,27.234,8.344,0.512,3.953,0.375,0.75,0.216,1.578,0.531,0.953,1.815,0.1238,0.0482,0.0562,8.1172,1630534,Ochai Agbaji,TOR,64,0,G
0.75,0.0,0.5,0.938,1.25,0.0,0.062,0.438,2.25,4.5,1.562,0.41,0.875,0.312,0.5,0.104,0.375,0.375,0.312,8.0,0.1884,0.0138,0.1111,1.8293,1630537,Chris Duarte,CHI,16,1,F/C
1.958,0.75,1.333,0.833,1.042,0.167,1.042,1.208,6.208,9.958,4.917,0.367,3.417,0.311,1.083,0.413,1.333,0.958,0.208,1.28,0.2335,0.1214,0.1339,5.3351,1630538,Bones Hyland,LAC,24,4,G/F
2.175,0.375,0.625,2.125,3.125,0.575,0.45,1.25,4.95,11.7,2.725,0.558,0.125,0.012,0.8,0.242,0.025,0.575,1.0,1.389,0.1866,0.0876,0.0534,3.8978,1630539,Kai Jones,LAC,40,1,F/C
3.469,1.047,2.922,1.781,2.516,0.266,0.641,1.688,9.547,24.953,8.547,0.402,4.875,0.348,1.0,0.328,1.797,0.812,0.734,4.561,0.1257,0.0363,0.1171,8.6294,1630540,Miles McBride,NYK,64,0,G
3.324,0.797,1.297,1.851,2.554,0.419,0.73,1.568,9.784,22.324,7.676,0.427,4.554,0.36,1.797,0.479,1.703,1.432,0.703,1.778,0.1251,0.0515,0.0581,7.7845,1630541,Moses Moody,GSW,74,4,G/F
2.8,0.6,1.0,3.4,5.6,1.6,1.0,2.8,7.0,16.8,4.6,0.737,0.0,0.0,2.8,0.3,0.0,1.4,2.2,1.0,0.2462,0.1548,0.0595,3.7992,1630543,Isaiah Jackson,IND,5,3,C/PF
5.385,0.538,3.0,2.0,2.923,0.308,1.923,1.846,14.077,24.538,12.385,0.419,4.615,0.346,1.615,0.615,1.846,1.462,0.923,1.56,0.1142,0.0909,0.1223,12.852,1630544,Tre Mann,CHA,13,0,G
1.719,0.219,1.0,1.156,1.469,0.156,0.469,0.844,4.312,10.625,3.562,0.369,0.969,0.157,0.656,0.172,0.344,0.531,0.312,2.133,0.1348,0.0588,0.0941,4.6585,1630545,Terrence Shannon Jr.,MIN,32,1,F/C
3.188,0.609,1.062,2.219,2.875,0.125,0.562,1.969,8.922,19.781,7.422,0.404,4.906,0.337,0.828,0.281,1.844,0.703,0.656,1.889,0.1508,0.0347,0.0537,7.8911,1630548,Johnny Juzang,UTA,64,4,G/F
3.3,0.82,1.82,3.62,6.6,0.84,1.26,2.26,7.94,18.12,6.34,0.505,0.9,0.145,1.48,0.404,0.22,1.12,2.98,1.444,0.1978,0.1159,0.1004,6.5347,1630549,Day'Ron Sharpe,BKN,50,3,C/PF
1.25,0.4,0.3,1.4,2.4,0.45,0.45,0.85,3.55,12.4,2.95,0.393,1.05,0.2,1.1,0.288,0.3,0.75,1.0,0.667,0.1325,0.0726,0.0242,3.1807,1630550,JT Thor,WAS,20,4,G/F
3.387,1.048,0.968,3.855,5.661,0.629,0.871,1.774,8.774,21.597,6.629,0.417,3.113,0.305,1.177,0.324,1.194,0.806,1.806,1.111,0.15,0.0695,0.0448,8.1223,1630551,Justin Champagnie,WAS,62,0,G
7.528,1.556,5.028,8.25,9.972,1.0,2.944,1.861,18.889,35.694,15.056,0.498,3.917,0.292,3.5,0.622,1.222,2.611,1.722,1.708,0.1097,0.1105,0.1409,15.1165,1630552,Jalen Johnson,ATL,36,2,BENCH
3.835,1.038,2.215,2.962,3.759,0.38,1.468,2.646,10.62,24.38,9.861,0.372,5.076,0.295,1.759,0.444,1.595,1.354,0.797,1.509,0.1664,0.0758,0.0909,10.3091,1630553,Keon Johnson,BKN,79,0,G
1.675,0.475,1.05,2.325,2.875,0.5,0.4,1.55,4.2,15.275,3.375,0.332,1.35,0.191,0.325,0.138,0.55,0.3,0.55,2.625,0.1543,0.0589,0.0687,5.0452,1630556,Kessler Edwards,DAL,40,4,G/F
4.18,0.426,1.689,2.377,2.967,0.23,1.049,1.607,11.557,26.246,9.262,0.437,5.41,0.327,1.443,0.425,1.967,1.23,0.59,1.609,0.0941,0.0487,0.0644,9.5652,1630557,Corey Kispert,WAS,61,4,G/F
3.014,0.973,4.905,1.784,2.257,0.216,1.73,2.5,7.946,27.378,6.432,0.442,2.851,0.396,1.135,0.34,1.135,0.784,0.473,2.836,0.143,0.0711,0.1792,6.819,1630558,Davion Mitchell,TOR,74,0,G
6.534,1.11,5.767,3.671,4.507,0.301,2.425,2.068,20.205,34.945,14.205,0.46,7.274,0.375,5.014,0.778,2.74,4.397,0.836,2.379,0.1041,0.078,0.165,14.2043,1630559,Austin Reaves,LAL,73,2,BENCH
7.96,0.6,3.76,2.72,3.32,0.08,2.48,1.76,23.96,31.28,18.16,0.436,7.8,0.338,6.04,0.897,2.72,5.32,0.6,1.516,0.0894,0.0818,0.1202,18.2569,1630560,Cam Thomas,BKN,25,2,BENCH
1.0,0.167,0.667,0.667,0.833,0.0,0.333,0.167,2.667,5.5,2.333,0.375,1.0,0.25,0.333,0.083,0.5,0.167,0.167,2.0,0.1289,0.0605,0.1213,2.6667,1630561,David Duke Jr.,SAS,6,1,F/C
7.292,1.431,5.815,6.046,7.723,0.969,2.846,1.738,19.262,32.862,16.354,0.445,4.308,0.271,4.646,0.693,1.169,3.508,1.677,2.043,0.11,0.1161,0.177,16.3865,1630567,Scottie Barnes,TOR,65,2,BENCH
1.333,0.154,0.282,0.59,1.385,0.077,0.308,0.744,3.538,5.667,2.692,0.418,0.923,0.162,0.897,0.254,0.256,0.615,0.795,0.917,0.2322,0.0679,0.0498,3.189,1630568,Luka Garza,MIN,39,1,F/C
3.727,0.614,2.614,2.795,3.636,0.273,1.886,2.159,10.227,20.705,7.955,0.446,2.0,0.267,2.773,0.529,0.659,2.114,0.841,1.386,0.1555,0.1043,0.1262,8.3565,1630570,Trendon Watford,BKN,44,0,G
2.311,0.361,0.787,2.049,3.066,0.279,0.426,0.984,6.311,11.164,4.607,0.448,2.639,0.318,0.951,0.277,0.984,0.705,1.016,1.846,0.1606,0.0631,0.0705,5.1585,1630572,Sandro Mamukelashvili,SAS,61,4,G/F
3.014,0.577,0.901,2.535,3.155,0.183,0.324,1.225,8.521,21.704,6.676,0.439,5.62,0.406,0.155,0.085,2.338,0.155,0.62,2.783,0.1033,0.0234,0.0415,6.8656,1630573,Sam Hauser,BOS,71,4,G/F
0.84,0.04,0.44,1.48,2.04,0.6,0.84,1.28,1.92,8.64,1.24,0.336,0.0,0.0,0.52,0.12,0.0,0.24,0.56,0.524,0.1917,0.1667,0.0509,2.5,1630574,Ariel Hukporti,NYK,25,1,F/C
3.366,0.744,1.354,3.061,3.878,0.427,0.902,1.39,9.939,23.573,8.11,0.399,5.854,0.348,1.146,0.398,2.171,1.037,0.817,1.5,0.1075,0.0564,0.0574,8.4361,1630577,Julian Champagnie,SAS,82,0,G
7.461,1.105,4.895,6.895,10.342,0.803,2.553,2.75,19.092,31.566,15.039,0.489,1.184,0.173,5.632,0.654,0.276,3.895,3.447,1.918,0.1376,0.1063,0.1551,15.2577,1630578,Alperen Sengun,HOU,76,2,BENCH
0.849,0.189,0.623,2.377,3.717,0.358,0.623,1.226,1.849,11.906,1.34,0.376,0.0,0.0,0.245,0.075,0.0,0.151,1.34,1.0,0.1504,0.0824,0.0523,2.258,1630579,Jericho Sims,NYK,53,1,F/C
5.3,1.2,7.186,6.271,8.086,0.643,2.886,1.743,14.6,30.229,11.4,0.463,3.971,0.387,3.2,0.573,1.5,2.5,1.814,2.49,0.1127,0.1167,0.2377,11.4471,1630581,Josh Giddey,CHI,70,2,BENCH
4.815,0.8,2.892,4.954,6.4,0.446,1.092,1.169,12.477,25.508,9.969,0.471,5.015,0.354,1.446,0.345,1.846,1.0,1.446,2.648,0.0957,0.0603,0.1134,10.2229,1630583,Santi Aldama,MEM,65,0,G
3.608,1.304,4.392,2.456,3.278,0.38,1.747,2.57,9.861,21.278,7.519,0.467,2.772,0.314,2.165,0.5,1.101,1.544,0.823,2.514,0.204,0.1,0.2064,7.7259,1630590,Scotty Pippen Jr.,MEM,79,0,G
5.629,1.457,3.686,3.371,4.029,0.943,2.914,2.8,16.2,28.686,13.743,0.407,6.914,0.305,3.143,0.644,2.171,2.771,0.657,1.265,0.1626,0.1345,0.1285,13.8305,1630591,Jalen Suggs,ORL,35,2,BENCH
3.114,0.506,1.835,2.468,3.418,0.063,1.0,2.076,9.481,25.722,7.848,0.408,4.582,0.328,2.089,0.518,1.544,1.709,0.949,1.835,0.1162,0.0413,0.0713,7.6324,1630592,Jalen Wilson,BKN,79,4,G/F
9.771,1.014,9.114,5.271,6.071,0.757,4.414,2.786,26.143,35.029,20.814,0.474,5.971,0.35,5.286,0.777,2.129,4.471,0.8,2.065,0.122,0.1476,0.2602,20.6139,1630595,Cade Cunningham,DET,70,2,BENCH
7.113,0.859,3.183,6.972,9.282,1.592,2.042,1.986,18.535,30.563,12.761,0.549,3.239,0.323,4.296,0.719,1.197,3.113,2.31,1.559,0.111,0.1189,0.1041,12.9563,1630596,Evan Mobley,CLE,71,3,C/PF
4.671,0.789,1.763,2.816,3.882,0.237,0.908,1.329,12.026,22.987,9.579,0.472,4.461,0.362,1.171,0.313,1.711,0.974,1.066,1.942,0.1127,0.0498,0.0767,9.8962,1630598,Aaron Wiggins,OKC,76,0,G
0.667,0.083,0.25,0.5,0.75,0.083,0.167,0.917,1.75,4.417,1.25,0.215,0.833,0.097,0.167,0.083,0.25,0.167,0.25,1.5,0.2751,0.0566,0.0566,3.1023,1630604,E.J. Liddell,CHI,12,1,F/C
1.464,0.446,1.429,1.786,3.071,0.179,0.75,1.625,4.054,13.643,3.196,0.328,1.839,0.221,0.75,0.235,0.607,0.518,1.286,1.905,0.1758,0.0681,0.1047,4.4634,1630611,Gui Santos,GSW,56,4,G/F
0.25,0.5,0.75,1.0,1.0,0.0,1.0,0.25,0.75,8.25,1.75,0.125,0.75,0.0,0.25,0.25,0.0,0.25,0.0,0.75,0.1061,0.1212,0.0909,2.0,1630618,D.J. Carton,TOR,4,1,F/C
2.955,0.642,2.388,1.567,2.015,0.507,1.284,0.866,8.343,16.731,7.567,0.345,3.313,0.238,1.866,0.397,1.075,1.358,0.448,1.86,0.1108,0.107,0.1427,8.5652,1630625,Dalano Banton,POR,67,4,G/F
3.643,1.321,4.625,1.946,2.429,0.25,1.536,1.625,10.339,24.393,9.304,0.381,5.518,0.334,1.321,0.417,1.982,1.071,0.482,3.012,0.1364,0.0732,0.1896,9.5617,1630631,Jose Alvarado,NOP,56,0,G
3.077,0.5,1.192,2.538,3.308,0.231,0.577,1.692,9.077,18.654,7.308,0.413,3.885,0.304,2.423,0.371,1.269,1.654,0.769,2.067,0.1396,0.0433,0.0639,7.4504,1630639,A.J. Lawson,TOR,26,4,G/F
2.453,0.25,0.594,1.547,2.016,0.875,0.531,1.219,6.859,11.719,4.766,0.403,3.125,0.293,0.875,0.259,1.266,0.688,0.469,1.118,0.1597,0.12,0.0507,6.0868,1630643,Jay Huff,MEM,64,4,G/F
0.0,0.0,1.5,0.5,0.5,0.0,0.0,1.0,0.0,5.0,1.0,0.0,0.5,0.0,0.0,0.0,0.0,0.0,0.0,1500.0,0.2,0.0,0.3,0.0,1630644,Mac McClung,ORL,2,1,F/C
0.227,0.136,0.182,0.591,0.773,0.273,0.136,0.364,0.682,3.955,1.182,0.174,0.682,0.136,0.182,0.045,0.136,0.091,0.182,1.333,0.1704,0.1034,0.046,1.3046,1630649,Stanley Umude,MIL,22,1,F/C
1.769,0.308,1.077,2.654,4.692,0.385,0.885,1.962,4.731,16.538,3.769,0.327,0.615,0.051,1.462,0.393,0.077,1.115,2.038,1.217,0.157,0.0768,0.0651,5.4098,1630658,Colin Castleton,TOR,26,4,G/F
1.5,0.368,0.816,3.184,4.316,0.368,0.816,1.316,4.263,18.526,3.553,0.401,2.579,0.279,0.526,0.23,0.816,0.447,1.132,1.0,0.1125,0.0639,0.044,3.7406,1630695,Micah Potter,UTA,38,4,G/F
2.214,1.5,1.643,1.714,2.571,0.429,1.214,2.143,6.214,19.143,4.357,0.438,2.143,0.387,0.857,0.173,1.143,0.643,0.857,1.353,0.2132,0.0858,0.0858,5.0548,1630696,Dru Smith,MIA,14,0,G
0.771,0.114,0.314,0.943,1.257,0.029,0.429,0.4,2.257,4.571,1.857,0.325,0.829,0.229,0.571,0.2,0.286,0.429,0.314,0.733,0.1835,0.1002,0.0687,2.3723,1630699,MarJon Beauchamp,MIL,35,1,F/C
5.987,3.013,4.382,4.276,5.908,0.724,2.039,2.303,14.118,33.855,12.145,0.497,3.092,0.345,1.842,0.35,1.053,1.092,1.632,2.148,0.1717,0.0816,0.1294,12.0463,1630700,Dyson Daniels,ATL,76,2,BENCH
3.158,0.491,1.421,1.404,1.561,0.088,1.439,1.579,8.702,15.895,7.263,0.372,3.456,0.299,1.509,0.375,1.333,1.053,0.158,0.988,0.1536,0.0961,0.0894,8.4892,1630702,Jaden Hardy,DAL,57,4,G/F
4.348,1.03,5.076,2.212,3.0,0.197,2.682,2.742,12.682,26.667,10.379,0.406,4.5,0.34,3.121,0.575,1.591,2.394,0.788,1.893,0.1567,0.108,0.1903,10.7094,1630703,Scoot Henderson,POR,66,0,G
2.097,0.903,2.613,1.387,1.613,0.29,1.065,1.258,5.419,16.194,5.226,0.372,2.645,0.239,0.355,0.161,0.871,0.355,0.226,2.455,0.1564,0.0837,0.1614,5.6371,1630811,Keaton Wallace,ATL,31,4,G/F
6.333,0.933,3.967,2.8,4.133,0.367,2.967,2.233,17.6,29.967,13.767,0.464,5.133,0.4,3.867,0.692,2.1,2.833,1.333,1.337,0.1211,0.1113,0.1324,13.6487,1631093,Jaden Ivey,DET,30,2,BENCH
8.957,0.783,4.761,6.391,7.5,0.609,2.957,2.109,25.891,34.37,19.804,0.447,5.913,0.305,8.37,0.705,1.891,6.087,1.109,1.61,0.0971,0.1038,0.1385,20.038,1631094,Paolo Banchero,ORL,46,2,BENCH
4.351,0.439,1.053,5.158,7.0,0.719,1.07,2.158,12.246,30.088,9.93,0.434,4.86,0.336,2.211,0.53,1.719,1.825,1.842,0.984,0.1007,0.0595,0.035,10.0253,1631095,Jabari Smith Jr.,HOU,57,3,C/PF
5.219,0.719,1.969,6.531,8.031,2.219,1.75,2.25,14.969,27.438,10.656,0.47,3.625,0.365,4.188,0.606,1.375,3.156,1.5,1.125,0.1253,0.1447,0.0718,11.1043,1631096,Chet Holmgren,OKC,32,3,C/PF
5.431,0.653,1.889,4.111,5.319,0.333,1.875,2.25,16.056,29.861,11.847,0.457,4.0,0.342,4.611,0.739,1.361,3.833,1.208,1.007,0.1125,0.0739,0.0633,11.884,1631097,Bennedict Mathurin,IND,72,0,G
0.941,0.441,0.324,0.824,1.118,0.176,0.206,0.529,2.353,7.059,2.294,0.342,0.853,0.129,0.441,0.125,0.206,0.265,0.294,1.571,0.1859,0.0541,0.0459,2.7515,1631098,Johnny Davis,WAS,34,1,F/C
4.789,0.803,1.434,4.75,6.671,0.908,0.789,2.447,12.395,34.289,10.789,0.433,5.908,0.322,0.947,0.349,2.026,0.789,1.921,1.817,0.1074,0.0495,0.0418,11.06,1631099,Keegan Murray,SAC,76,3,C/PF
6.931,0.861,2.75,3.556,4.5,0.222,2.083,1.667,18.542,31.222,15.333,0.446,6.556,0.308,3.361,0.659,2.042,2.639,0.944,1.32,0.0953,0.0738,0.0881,15.5404,1631101,Shaedon Sharpe,POR,72,0,G
0.875,0.188,1.0,0.562,0.812,0.0,0.188,0.25,2.188,7.438,2.812,0.194,1.312,0.094,0.375,0.094,0.25,0.188,0.25,5.333,0.085,0.0253,0.1344,4.5103,1631102,TyTy Washington Jr.,PHX,16,1,F/C
1.851,0.234,0.809,0.936,1.085,0.043,0.723,0.617,5.0,9.128,4.043,0.372,1.787,0.311,0.702,0.234,0.723,0.574,0.149,1.118,0.134,0.0839,0.0886,4.9758,1631103,Malaki Branham,SAS,47,4,G/F
1.397,0.638,1.966,0.759,1.052,0.103,0.931,0.793,3.741,11.759,3.207,0.389,1.0,0.147,1.052,0.263,0.293,0.655,0.293,2.111,0.1548,0.0879,0.1672,3.5913,1631104,Blake Wesley,SAS,58,1,F/C
4.846,0.692,2.679,6.795,10.346,1.141,1.744,3.218,11.769,26.115,7.0,0.685,0.0,0.0,3.103,0.564,0.0,2.077,3.551,1.537,0.176,0.1105,0.1026,7.0745,1631105,Jalen Duren,DET,78,3,C/PF
4.772,1.702,1.456,4.105,6.351,0.877,1.14,2.386,12.035,24.895,9.807,0.479,3.228,0.302,1.825,0.468,1.105,1.386,2.246,1.277,0.1835,0.081,0.0585,9.9624,1631106,Tari Eason,HOU,57,0,G
3.739,0.826,2.848,3.348,3.913,0.283,1.304,1.783,10.739,25.217,8.196,0.451,4.565,0.344,1.891,0.522,1.696,1.565,0.565,2.183,0.1213,0.0629,0.1129,8.2905,1631107,Nikola Jović,MIA,46,0,G
3.231,0.821,1.872,2.821,3.308,0.397,1.128,1.474,9.603,27.244,7.564,0.449,4.026,0.369,1.949,0.55,1.474,1.667,0.487,1.659,0.1007,0.056,0.0687,7.196,1631108,Max Christie,LAL,78,0,G
6.136,0.727,2.477,7.159,10.159,1.227,1.614,2.386,15.25,26.568,10.159,0.603,0.091,0.0,3.705,0.671,0.0,2.977,3.0,1.535,0.1399,0.1069,0.0932,10.1758,1631109,Mark Williams,CHA,44,3,C/PF
4.648,0.833,2.37,4.167,6.519,0.5,1.556,2.426,11.426,25.259,8.685,0.525,1.685,0.24,2.315,0.429,0.519,1.611,2.352,1.524,0.1498,0.0814,0.0938,8.8533,1631110,Jeremy Sochan,SAS,54,0,G
1.639,0.556,1.167,1.806,2.639,0.139,0.75,0.861,4.167,13.944,3.5,0.371,1.139,0.225,0.611,0.211,0.389,0.5,0.833,1.556,0.1282,0.0638,0.0837,4.4178,1631111,Wendell Moore Jr.,DET,36,4,G/F
8.188,1.609,5.13,4.493,5.348,0.667,2.174,2.29,21.594,32.435,16.928,0.484,4.928,0.343,4.333,0.712,1.797,3.42,0.855,2.36,0.1351,0.0876,0.1582,16.9174,1631114,Jalen Williams,OKC,69,2,BENCH
2.636,0.386,1.75,2.977,5.0,0.364,1.114,2.273,6.886,17.523,5.932,0.424,1.182,0.214,1.591,0.435,0.386,1.227,2.023,1.571,0.1759,0.0843,0.0999,6.217,1631115,Orlando Robinson,TOR,44,4,G/F
0.792,0.125,0.125,0.833,1.042,0.083,0.208,0.292,2.208,4.458,1.458,0.417,0.958,0.354,0.167,0.042,0.542,0.083,0.208,0.6,0.1871,0.0653,0.028,1.8993,1631116,Patrick Baldwin Jr.,WAS,24,1,F/C
4.793,0.621,1.672,7.603,12.19,2.379,1.483,2.241,11.052,30.052,7.224,0.694,0.586,0.042,2.621,0.379,0.103,1.362,4.586,1.128,0.1183,0.1285,0.0556,6.9063,1631117,Walker Kessler,UTA,58,3,C/PF
2.064,0.468,2.553,4.553,5.574,0.617,0.745,1.681,5.915,16.681,4.702,0.444,3.255,0.411,0.638,0.239,1.298,0.489,1.021,3.429,0.1554,0.0816,0.153,4.6486,1631119,Jaylin Williams,OKC,47,4,G/F
0.75,0.312,0.812,0.688,0.812,0.062,0.812,0.125,2.062,5.875,2.125,0.335,1.125,0.177,0.438,0.125,0.25,0.312,0.125,1.0,0.1314,0.1488,0.1382,2.2388,1631120,JD Davison,BOS,16,1,F/C
0.308,0.077,0.154,0.077,0.231,0.0,0.308,0.231,1.0,2.385,1.077,0.154,0.308,0.0,0.462,0.231,0.0,0.385,0.154,0.5,0.1937,0.1291,0.0646,2.0,1631121,Bryce McGowens,POR,13,1,F/C
3.231,0.6,1.277,1.923,2.185,0.246,0.877,2.323,9.046,21.308,7.477,0.408,4.138,0.304,1.385,0.45,1.446,1.138,0.262,1.456,0.1563,0.0527,0.0599,7.9191,1631124,Julian Strawther,DEN,65,4,G/F
0.4,0.6,0.6,1.4,1.8,0.0,0.2,0.4,0.8,7.0,0.8,0.4,0.2,0.0,0.0,0.0,0.0,0.0,0.4,3.0,0.2,0.0286,0.0857,1.0,1631127,Harrison Ingram,SAS,5,1,F/C
6.025,1.076,2.595,3.949,5.19,0.468,1.025,2.152,15.418,33.873,10.392,0.581,2.835,0.343,2.709,0.662,1.127,2.241,1.241,2.531,0.1124,0.0441,0.0766,10.3701,1631128,Christian Braun,DEN,79,0,G
3.0,0.929,0.643,5.429,8.714,0.071,0.714,1.714,7.643,18.143,5.0,0.493,0.0,0.0,2.214,0.558,0.0,1.643,3.286,0.9,0.1728,0.0433,0.0354,6.0852,1631131,Oscar Tshiebwe,UTA,14,3,C/PF
1.081,0.216,0.432,1.541,2.486,0.432,0.324,1.189,2.432,9.27,1.784,0.46,0.108,0.0,0.378,0.135,0.0,0.27,0.946,1.333,0.2012,0.0816,0.0466,2.35,1631132,Christian Koloko,LAL,37,1,F/C
1.967,0.55,0.617,2.533,3.517,0.1,0.567,1.45,5.217,12.5,3.817,0.402,1.2,0.206,1.183,0.319,0.467,0.817,0.983,1.088,0.1922,0.0534,0.0494,4.893,1631133,Jabari Walker,POR,60,4,G/F
2.357,0.75,1.857,1.554,1.929,0.304,0.946,1.571,6.232,14.589,4.839,0.421,2.143,0.3,0.804,0.298,0.875,0.643,0.375,1.962,0.1879,0.0857,0.1273,5.5986,1631157,Ryan Rollins,MIL,56,4,G/F
0.462,0.154,0.0,0.615,0.846,0.077,0.154,0.154,1.538,2.462,1.154,0.353,0.385,0.0,0.615,0.231,0.0,0.615,0.231,0.0,0.2685,0.0938,0.0,1.3088,1631159,Leonard Miller,MIN,13,1,F/C
2.838,1.512,1.5,1.9,2.65,0.788,0.888,2.2,8.325,24.35,5.8,0.475,4.012,0.399,1.075,0.348,1.738,0.912,0.75,1.69,0.172,0.0688,0.0616,5.9747,1631165,Keon Ellis,SAC,80,0,G
0.957,0.326,0.391,0.761,1.022,0.261,0.239,0.739,2.587,6.043,1.957,0.358,0.935,0.214,0.413,0.156,0.304,0.37,0.261,1.636,0.2355,0.0827,0.0647,2.6732,1631169,Josh Minott,MIN,46,1,F/C
3.227,0.924,2.515,3.121,4.394,0.212,1.485,1.227,8.636,20.803,7.0,0.432,1.803,0.231,2.152,0.399,0.561,1.621,1.273,1.694,0.1242,0.0816,0.1209,7.4699,1631170,Jaime Jaquez Jr.,MIA,66,0,G
1.459,0.459,0.838,1.703,2.189,0.189,0.486,0.892,3.838,10.973,3.378,0.346,1.919,0.213,0.432,0.153,0.622,0.297,0.486,1.722,0.1547,0.0615,0.0764,4.2168,1631172,Ousmane Dieng,OKC,37,4,G/F
3.0,0.714,1.143,2.0,3.0,0.143,0.643,1.429,8.429,16.286,6.214,0.385,2.786,0.193,1.786,0.458,0.857,1.571,1.0,1.778,0.1552,0.0483,0.0702,7.7922,1631197,Jared Rhoden,TOR,14,4,G/F
1.696,0.507,0.986,1.536,2.638,0.246,0.623,0.957,4.159,15.087,4.043,0.339,1.739,0.149,0.826,0.16,0.391,0.377,1.101,1.581,0.1195,0.0576,0.0654,5.0029,1631200,Kris Murray,POR,69,4,G/F
2.404,0.649,2.333,0.895,1.211,0.07,0.947,1.263,6.579,14.193,5.193,0.41,2.667,0.312,0.895,0.295,1.018,0.754,0.316,2.463,0.1636,0.0717,0.1644,5.8634,1631204,Marcus Sasser,DET,57,4,G/F
1.644,0.603,1.329,1.178,1.699,0.205,0.726,1.562,4.466,13.507,3.671,0.389,1.425,0.192,0.945,0.238,0.507,0.671,0.521,1.83,0.1891,0.0689,0.0984,4.2262,1631207,Dalen Terry,CHI,73,4,G/F
2.05,0.55,1.4,0.9,1.6,0.0,0.9,1.05,6.0,13.25,5.25,0.39,1.65,0.396,1.7,0.383,0.65,1.25,0.7,1.556,0.1502,0.0679,0.1057,5.2564,1631209,Isaiah Wong,CHA,20,4,G/F
0.529,0.118,0.353,0.706,0.882,0.0,0.176,0.176,1.353,4.471,1.294,0.147,0.588,0.037,0.0,0.0,0.294,0.0,0.176,2.0,0.0986,0.0394,0.079,3.5986,1631210,Jacob Toppin,NYK,17,1,F/C
3.0,0.706,1.382,2.735,3.426,1.368,0.824,1.809,8.103,24.368,6.294,0.451,2.0,0.268,2.015,0.436,0.706,1.397,0.691,1.679,0.1217,0.09,0.0567,6.6519,1631212,Peyton Watson,DEN,68,3,C/PF
3.15,0.567,2.033,2.683,3.65,0.15,1.233,1.283,8.717,21.867,7.75,0.379,4.7,0.311,0.967,0.265,1.65,0.767,0.967,1.649,0.1019,0.0632,0.093,8.3113,1631213,Tyrese Martin,BKN,60,4,G/F
2.0,0.0,1.0,0.0,0.0,0.0,0.0,0.0,5.0,4.0,2.0,1.0,1.0,1.0,0.0,0.0,1.0,0.0,0.0,1000.0,0.25,0.0,0.25,2.0,1631214,Alondes Williams,DET,1,4,G/F
1.379,0.379,0.603,0.966,1.293,0.103,0.224,1.069,4.121,13.569,3.276,0.319,2.759,0.262,0.293,0.121,1.103,0.259,0.328,2.692,0.1302,0.0241,0.0444,4.3229,1631216,Caleb Houstan,ORL,58,4,G/F
2.352,0.648,0.789,3.535,6.169,0.563,0.859,1.535,5.676,17.493,3.944,0.536,0.085,0.0,1.634,0.297,0.0,0.972,2.634,0.918,0.1554,0.0813,0.0451,4.3881,1631217,Moussa Diabaté,CHA,71,3,C/PF
2.806,0.371,1.677,3.048,5.016,0.613,0.726,1.177,6.565,15.597,4.871,0.52,0.048,0.0,1.645,0.351,0.0,0.952,1.968,2.311,0.1326,0.0858,0.1075,5.3962,1631218,Trayce Jackson-Davis,GSW,62,4,G/F
2.061,0.636,2.364,1.697,2.364,0.152,0.515,0.909,5.879,13.939,4.788,0.403,2.727,0.369,0.667,0.241,1.182,0.576,0.667,4.588,0.1398,0.0479,0.1696,5.1141,1631221,Collin Gillespie,PHX,33,4,G/F
2.424,0.939,2.394,2.561,3.924,0.348,1.303,2.0,6.939,20.455,5.106,0.456,2.152,0.345,1.742,0.385,0.909,1.182,1.364,1.837,0.166,0.0807,0.117,5.3158,1631222,Jake LaRavia,MEM,66,0,G
1.727,0.424,1.061,2.152,2.545,0.273,0.667,0.606,4.636,12.394,3.788,0.429,1.848,0.244,0.788,0.207,0.576,0.606,0.394,1.591,0.1177,0.0758,0.0856,4.0256,1631223,David Roddy,ATL,33,4,G/F
1.714,0.257,0.543,1.429,2.429,0.457,0.143,1.343,4.229,10.743,3.229,0.395,0.771,0.171,0.943,0.174,0.2,0.6,1.0,3.8,0.1857,0.0559,0.0505,4.3392,1631230,Dominick Barlow,ATL,35,1,F/C
3.786,0.714,0.929,3.286,4.143,0.714,0.857,2.143,10.143,23.643,7.786,0.472,3.071,0.276,2.143,0.468,1.0,1.571,0.857,1.083,0.1408,0.0664,0.0393,8.0212,1631232,Keion Brooks Jr.,NOP,14,0,G
2.182,0.848,0.818,2.879,4.212,1.0,0.455,1.667,5.97,16.121,5.182,0.41,2.455,0.263,1.273,0.359,0.636,0.97,1.333,1.8,0.1814,0.0903,0.0507,5.322,1631243,Mouhamed Gueye,ATL,33,4,G/F
2.071,0.75,1.893,1.071,1.571,0.179,0.571,1.536,5.786,13.607,4.357,0.329,1.429,0.188,1.429,0.31,0.536,1.107,0.5,3.312,0.1922,0.0551,0.1391,6.2948,1631245,Quenton Jackson,IND,28,4,G/F
2.481,0.444,2.037,2.815,3.63,0.259,1.222,1.667,6.63,18.481,6.185,0.397,3.519,0.295,0.889,0.261,0.963,0.704,0.815,1.667,0.1357,0.0801,0.1102,6.2494,1631246,Vince Williams Jr.,MEM,27,4,G/F
0.417,0.083,0.667,1.0,1.667,0.083,0.667,0.5,1.0,7.333,1.667,0.13,0.75,0.0,0.167,0.083,0.0,0.167,0.667,1.0,0.0972,0.1023,0.091,3.2077,1631247,Luke Travers,CLE,12,1,F/C
1.258,0.548,1.065,1.484,2.097,0.065,0.387,0.71,3.645,12.419,3.548,0.229,2.645,0.184,0.387,0.145,0.839,0.29,0.613,2.75,0.1197,0.0364,0.0858,5.4934,1631248,Baylor Scheierman,BOS,31,1,F/C
1.077,0.154,0.769,1.231,1.615,0.154,0.308,1.308,2.923,10.615,2.462,0.288,1.846,0.216,0.154,0.038,0.692,0.077,0.385,2.5,0.1649,0.0435,0.0724,3.7396,1631250,Pete Nance,PHI,13,1,F/C
3.214,0.524,1.095,3.452,4.976,0.976,1.024,2.524,7.738,18.857,5.595,0.514,1.571,0.19,1.048,0.399,0.5,0.81,1.524,1.07,0.1889,0.1061,0.0581,6.2529,1631255,Karlo Matković,NOP,42,3,C/PF
2.493,0.507,1.479,2.137,2.384,0.096,0.548,2.151,7.411,22.753,5.808,0.412,4.973,0.397,0.37,0.128,2.123,0.301,0.247,2.7,0.1349,0.0283,0.065,6.051,1631260,AJ Green,MIL,73,4,G/F
1.838,0.622,0.595,1.568,2.297,0.243,0.595,1.243,5.297,13.568,4.27,0.323,2.162,0.246,1.351,0.286,0.703,0.919,0.73,1.0,0.1613,0.0618,0.0439,5.6904,1631288,Jamal Cain,NOP,37,4,G/F
0.421,0.316,0.368,0.263,0.526,0.053,0.263,0.632,0.947,5.158,1.105,0.153,0.526,0.035,0.105,0.0,0.105,0.0,0.263,1.4,0.2135,0.0613,0.0713,2.7516,1631303,Justin Minaya,POR,19,1,F/C
2.2,0.4,0.3,2.2,2.7,0.2,0.4,1.2,5.9,17.0,6.3,0.308,4.7,0.284,0.1,0.0,1.5,0.0,0.5,0.75,0.1122,0.0353,0.0176,7.1429,1631306,Cole Swider,TOR,10,4,G/F
2.385,0.231,1.846,1.154,1.462,0.154,1.077,1.385,6.615,14.308,6.0,0.364,3.385,0.249,1.0,0.327,1.0,0.846,0.308,1.714,0.1384,0.086,0.129,6.5522,1631311,Lester Quinones,NOP,13,4,G/F
0.591,0.091,0.682,0.591,0.955,0.045,0.5,0.455,1.455,5.182,1.364,0.218,0.591,0.091,0.409,0.091,0.136,0.136,0.364,1.364,0.1474,0.1052,0.1316,2.711,1631321,Sidy Cissoko,SAS,22,1,F/C
2.0,0.413,0.867,2.173,2.867,0.16,0.72,1.267,5.947,16.507,4.973,0.373,3.027,0.29,1.12,0.37,1.013,0.933,0.693,1.204,0.1244,0.0533,0.0525,5.3619,1631323,Simone Fontecchio,DET,75,4,G/F
2.667,0.0,0.333,1.167,1.833,0.0,0.667,1.667,7.167,11.667,4.167,0.41,2.833,0.294,0.333,0.167,1.5,0.333,0.667,0.5,0.178,0.0572,0.0285,6.5049,1631342,Daeqwon Plowden,ATL,6,4,G/F
8.87,1.13,3.652,9.217,11.0,3.826,3.239,2.283,24.261,33.174,18.63,0.467,8.761,0.339,4.109,0.741,3.087,3.435,1.783,1.128,0.117,0.213,0.1101,18.9936,1641705,Victor Wembanyama,SAS,46,3,C/PF
7.333,1.074,3.63,3.926,4.852,0.741,2.815,2.741,21.037,34.259,18.185,0.407,10.852,0.359,2.926,0.716,3.852,2.519,0.926,1.289,0.1232,0.1038,0.106,18.0172,1641706,Brandon Miller,CHA,27,2,BENCH
1.333,1.667,0.667,3.333,5.0,1.333,0.667,2.667,4.667,25.0,6.0,0.19,4.0,0.2,1.333,0.5,1.0,1.0,1.667,1.0,0.181,0.08,0.0267,7.0158,1641707,Taylor Hendricks,UTA,3,3,C/PF
5.623,1.406,3.841,5.391,8.174,1.29,2.0,2.42,14.058,32.232,10.101,0.55,1.319,0.153,3.58,0.594,0.362,2.449,2.783,1.92,0.1358,0.1021,0.1192,10.2236,1641708,Amen Thompson,HOU,69,3,C/PF
4.169,1.661,2.271,3.254,5.136,0.678,1.356,2.78,10.068,22.525,7.797,0.53,0.831,0.116,2.407,0.48,0.186,1.542,1.881,1.675,0.2207,0.0903,0.1008,7.866,1641709,Ausar Thompson,DET,59,0,G
3.359,1.103,3.077,2.282,2.949,0.615,1.782,2.128,9.436,24.128,7.949,0.407,2.5,0.256,2.526,0.563,0.795,1.923,0.667,1.727,0.1508,0.0993,0.1275,8.2531,1641710,Anthony Black,ORL,78,0,G
4.907,0.889,1.815,2.759,3.574,0.185,1.537,2.222,14.389,29.463,11.981,0.4,6.037,0.347,2.87,0.674,2.111,2.463,0.815,1.181,0.1192,0.0584,0.0616,12.2675,1641711,Gradey Dick,TOR,54,0,G
1.115,0.308,0.481,0.846,1.346,0.077,0.577,0.712,2.981,8.846,2.731,0.235,1.135,0.134,0.577,0.174,0.308,0.442,0.5,0.833,0.1419,0.0739,0.0544,4.7447,1641712,Rayan Rupert,POR,52,1,F/C
2.552,0.414,1.0,2.241,3.172,0.172,1.069,1.034,7.207,15.828,6.862,0.357,3.276,0.318,1.379,0.343,1.103,1.0,0.931,0.935,0.114,0.0784,0.0632,7.1485,1641713,GG Jackson,MEM,29,4,G/F
3.51,0.608,0.961,2.255,2.961,0.255,0.902,0.863,9.353,16.255,7.902,0.399,3.588,0.295,1.412,0.394,1.275,1.059,0.706,1.065,0.115,0.0712,0.0591,8.797,1641715,Cam Whitmore,HOU,51,4,G/F
2.267,0.72,1.467,2.72,3.053,0.333,1.04,1.533,6.147,15.867,4.8,0.448,2.467,0.303,0.92,0.246,1.0,0.613,0.333,1.41,0.1702,0.0865,0.0925,5.0603,1641716,Jarace Walker,IND,75,4,G/F
3.412,1.765,2.544,2.324,3.368,0.515,0.868,2.132,8.353,27.603,7.191,0.467,3.059,0.361,0.544,0.221,1.088,0.441,1.044,2.932,0.1581,0.0501,0.0922,7.3062,1641717,Cason Wallace,OKC,68,0,G
5.358,0.687,5.627,3.388,3.776,0.134,2.731,1.657,16.791,31.433,13.716,0.391,7.567,0.328,4.254,0.685,2.597,3.478,0.388,2.06,0.087,0.0911,0.179,13.7033,1641718,Keyonte George,UTA,67,2,BENCH
2.467,0.333,2.467,1.6,1.8,0.467,1.2,1.667,7.067,20.933,6.533,0.361,3.067,0.226,1.4,0.45,0.933,1.2,0.2,2.056,0.1128,0.0796,0.1179,6.8338,1641720,Jalen Hood-Schifino,PHI,15,4,G/F
1.607,0.321,0.679,1.321,1.964,0.25,0.5,1.036,4.143,11.679,3.857,0.283,1.786,0.267,0.357,0.125,0.679,0.25,0.643,1.357,0.1404,0.0642,0.0581,5.6784,1641721,Maxwell Lewis,BKN,28,4,G/F
3.696,0.536,1.179,2.375,2.821,0.411,1.036,0.911,10.786,23.625,9.929,0.343,5.929,0.312,1.75,0.478,1.964,1.429,0.446,1.138,0.0758,0.0612,0.0499,10.7755,1641722,Jordan Hawkins,NOP,56,4,G/F
1.8,0.3,1.7,1.6,2.1,0.2,0.8,0.9,5.3,12.3,4.7,0.416,1.9,0.145,1.8,0.45,0.4,1.3,0.5,2.125,0.1314,0.0813,0.1382,4.3269,1641723,Kobe Bufkin,ATL,10,1,F/C
1.633,0.217,0.733,0.833,1.167,0.183,0.6,1.133,4.45,11.65,4.367,0.332,3.1,0.245,0.383,0.104,0.917,0.267,0.333,1.222,0.1444,0.0672,0.0629,4.9187,1641724,Jett Howard,ORL,60,1,F/C
0.542,0.083,0.458,0.458,0.5,0.042,0.208,0.417,1.333,4.833,1.708,0.209,0.708,0.049,0.167,0.062,0.125,0.125,0.042,2.2,0.1467,0.0517,0.0948,2.5933,1641725,Trey Alexander,DEN,24,1,F/C
3.722,0.556,2.361,4.611,7.5,1.556,1.139,2.778,8.722,23.056,5.306,0.714,0.0,0.0,2.028,0.41,0.0,1.278,2.889,2.073,0.1756,0.1169,0.1024,5.2129,1641726,Dereck Lively II,DAL,36,3,C/PF
1.95,0.3,0.6,1.25,1.45,0.05,0.75,1.1,5.7,12.3,4.8,0.271,3.7,0.289,0.25,0.067,1.65,0.15,0.2,0.8,0.1359,0.065,0.0488,7.1956,1641727,Dariq Whitehead,BKN,20,4,G/F
3.873,0.648,1.549,2.366,2.958,0.113,1.507,1.563,10.873,20.211,8.437,0.432,5.239,0.363,1.028,0.382,2.211,0.915,0.592,1.028,0.1308,0.0802,0.0766,8.9653,1641729,Brice Sensabaugh,UTA,71,4,G/F
2.891,0.522,0.87,3.0,3.935,0.457,1.0,2.283,9.13,22.717,8.087,0.349,5.674,0.29,1.739,0.488,1.891,1.457,0.935,0.87,0.1388,0.0641,0.0383,8.2837,1641730,Noah Clowney,BKN,46,4,G/F
4.458,1.322,3.373,3.441,4.983,0.695,2.119,2.356,12.322,33.017,10.576,0.411,3.797,0.252,3.136,0.664,1.068,2.339,1.542,1.592,0.1238,0.0852,0.1022,10.8467,1641731,Bilal Coulibaly,WAS,59,0,G
1.513,0.667,1.128,1.692,2.231,0.333,0.59,0.949,4.026,13.231,3.308,0.332,1.256,0.176,0.897,0.194,0.41,0.59,0.538,1.913,0.1472,0.0698,0.0853,4.5572,1641732,Colby Jones,SAC,39,4,G/F
3.7,0.283,2.417,1.917,2.133,0.1,1.367,1.317,9.85,22.8,9.467,0.367,5.1,0.319,0.767,0.279,1.733,0.717,0.217,1.768,0.0863,0.0643,0.106,10.0817,1641733,Nick Smith Jr.,CHA,60,4,G/F
1.3,0.1,0.8,0.7,0.7,0.1,0.2,0.4,3.7,7.5,3.8,0.201,3.0,0.272,0.0,0.0,1.1,0.0,0.0,4.0,0.0935,0.04,0.1067,6.4677,1641734,Emoni Bates,CLE,10,1,F/C
0.972,0.917,1.75,0.722,1.083,0.056,0.583,1.0,2.583,13.139,2.972,0.251,1.111,0.113,0.583,0.181,0.194,0.444,0.361,3.0,0.165,0.0486,0.1332,3.8725,1641736,Reece Beekman,BKN,36,1,F/C
2.328,0.448,0.466,2.638,4.224,1.19,1.052,2.155,5.81,15.69,3.31,0.568,0.017,0.0,1.724,0.373,0.0,1.155,1.586,0.443,0.2021,0.1429,0.0297,4.0986,1641737,Adem Bona,PHI,58,3,C/PF
0.825,0.175,0.6,1.15,1.625,0.1,0.3,0.575,1.925,6.775,1.8,0.331,0.65,0.133,0.175,0.1,0.15,0.125,0.475,2.0,0.1596,0.059,0.0886,2.4924,1641738,Kobe Brown,LAC,40,1,F/C
4.205,1.487,2.244,3.551,5.769,0.641,1.397,2.949,11.308,32.692,9.179,0.454,4.615,0.348,1.615,0.386,1.731,1.167,2.218,1.606,0.1496,0.0623,0.0686,9.2621,1641739,Toumani Camara,POR,78,0,G
1.4,0.9,0.65,0.675,1.325,0.05,0.2,1.525,4.075,13.075,3.0,0.365,1.275,0.265,0.925,0.201,0.55,0.725,0.65,3.25,0.2134,0.0191,0.0497,3.8356,1641740,Jaylen Clark,MIN,40,4,G/F
2.425,0.438,1.329,2.233,2.932,0.178,0.712,0.918,7.288,17.192,6.342,0.347,2.918,0.223,2.096,0.466,0.753,1.685,0.699,1.865,0.0991,0.0518,0.0773,6.9885,1641741,Ricky Council IV,PHI,73,4,G/F
3.803,0.545,0.985,4.788,8.303,1.288,1.333,2.758,9.242,21.5,6.561,0.601,0.788,0.157,1.924,0.504,0.273,1.364,3.515,0.739,0.1816,0.1219,0.0458,6.3278,1641744,Zach Edey,MEM,66,3,C/PF
0.676,0.216,0.324,0.541,0.73,0.081,0.108,0.405,1.757,5.459,2.595,0.215,1.946,0.169,0.054,0.014,0.378,0.027,0.189,3.0,0.1531,0.0346,0.0594,3.1442,1641745,Adam Flagler,OKC,37,1,F/C
1.403,0.507,1.239,1.746,2.716,0.209,0.866,1.701,3.433,14.582,2.94,0.382,1.134,0.232,0.358,0.085,0.448,0.179,0.97,1.431,0.1776,0.0737,0.085,3.6728,1641748,Andre Jackson Jr.,MIL,67,4,G/F
0.75,0.25,0.875,0.75,0.875,0.125,0.125,1.0,1.875,5.375,1.25,0.094,0.625,0.062,0.25,0.062,0.25,0.125,0.125,7.0,0.25,0.0465,0.1628,7.5,1641752,Bobi Klintman,DET,8,1,F/C
0.429,0.238,0.238,1.19,1.667,0.0,0.286,0.381,1.429,5.048,1.286,0.194,0.381,0.0,0.762,0.262,0.0,0.571,0.476,0.833,0.1611,0.0567,0.0471,2.2113,1641753,Chris Livingston,MIL,21,1,F/C
1.568,0.459,0.919,0.946,1.568,0.135,0.703,0.703,4.108,11.297,3.622,0.32,1.027,0.091,0.946,0.272,0.216,0.757,0.622,1.308,0.1312,0.0742,0.0813,4.9,1641757,Jordan Miller,LAC,37,1,F/C
1.62,0.481,0.494,1.291,2.139,0.253,0.342,1.367,4.633,14.241,3.633,0.432,1.937,0.269,0.962,0.292,0.633,0.759,0.848,1.444,0.1601,0.0418,0.0347,3.75,1641763,Julian Phillips,CHI,79,4,G/F
4.375,1.078,3.438,4.062,5.078,0.203,1.172,1.484,11.672,26.875,9.828,0.408,4.828,0.337,1.484,0.407,1.797,1.125,1.016,2.933,0.1105,0.0512,0.1279,10.723,1641764,Brandin Podziemski,GSW,64,0,G
1.346,0.5,0.769,1.577,2.423,0.115,0.269,0.538,3.865,11.192,3.346,0.3,0.981,0.119,1.462,0.277,0.231,0.942,0.846,2.857,0.1195,0.0343,0.0687,4.4867,1641765,Olivier-Maxence Prosper,DAL,52,1,F/C
1.0,0.0,0.25,0.25,1.5,0.0,0.25,0.25,2.0,5.5,1.75,0.5,0.0,0.0,0.0,0.0,0.0,0.0,1.25,1.0,0.1364,0.0455,0.0455,2.0,1641766,Adama Sanogo,CHI,4,1,F/C
1.905,0.603,1.349,2.111,2.81,0.222,0.349,1.984,5.27,19.54,4.556,0.38,3.159,0.287,0.429,0.187,1.079,0.381,0.698,3.864,0.1518,0.0292,0.069,5.0132,1641767,Ben Sheppard,IND,63,4,G/F
3.429,0.314,1.114,2.971,3.714,0.657,1.2,1.629,9.429,14.629,6.914,0.509,2.914,0.291,1.914,0.552,1.086,1.486,0.743,0.929,0.1676,0.1269,0.0762,6.7367,1641774,Tristan Vukcevic,WAS,35,4,G/F
0.577,0.231,0.365,0.885,1.327,0.212,0.327,0.577,1.577,7.712,1.596,0.229,1.058,0.154,0.231,0.062,0.288,0.135,0.442,1.118,0.1345,0.0699,0.0473,2.5197,1641775,Jordan Walsh,BOS,52,1,F/C
0.25,0.0,0.0,0.5,0.5,0.0,0.5,0.0,1.125,3.875,0.875,0.25,0.875,0.25,0.5,0.188,0.25,0.375,0.0,0.0,0.0645,0.129,0.0,1.0,1641779,Jalen Bridges,PHX,8,1,F/C
2.689,0.446,1.527,2.324,3.311,0.243,0.757,1.27,7.203,22.041,6.527,0.388,3.23,0.286,0.851,0.33,1.081,0.743,0.986,2.018,0.0955,0.0454,0.0693,6.9304,1641783,Tristan da Silva,ORL,74,4,G/F
3.357,0.857,1.964,3.143,4.286,0.357,1.393,1.964,9.536,23.75,7.857,0.402,2.75,0.295,2.607,0.595,0.857,1.964,1.143,1.41,0.1357,0.0737,0.0827,8.3507,1641787,Tosan Evbuomwan,BKN,28,0,G
0.562,0.125,0.375,0.25,0.312,0.062,0.312,0.562,1.5,3.625,1.438,0.286,0.688,0.167,0.25,0.062,0.25,0.125,0.062,1.2,0.2684,0.1032,0.1034,1.965,1641789,Jazian Gortman,DAL,16,1,F/C
0.737,0.0,0.211,0.842,1.158,0.211,0.105,0.579,1.737,3.421,1.263,0.39,0.421,0.105,0.211,0.079,0.105,0.158,0.316,2.0,0.2833,0.0924,0.0617,1.8897,1641790,PJ Hall,DEN,19,1,F/C
0.944,0.296,1.074,1.685,2.241,0.074,0.519,1.0,2.5,10.259,2.463,0.206,1.167,0.111,0.519,0.137,0.296,0.315,0.556,2.071,0.1464,0.0578,0.1047,4.5825,1641794,Dillon Jones,OKC,54,1,F/C
1.618,0.582,1.182,1.164,1.673,0.127,0.436,1.655,4.564,14.218,3.691,0.364,1.727,0.269,1.109,0.275,0.582,0.745,0.509,2.708,0.1829,0.0396,0.0831,4.4451,1641796,Pelle Larsson,MIA,55,4,G/F
1.938,0.562,1.062,2.062,2.75,0.0,0.75,0.875,4.875,15.0,4.625,0.319,1.438,0.203,0.625,0.292,0.438,0.562,0.688,1.417,0.1171,0.05,0.0708,6.0752,1641798,Jaylen Martin,WAS,16,4,G/F
0.125,0.125,0.25,0.25,0.5,0.0,0.25,0.5,0.375,2.0,1.0,0.062,0.375,0.0,0.125,0.125,0.0,0.125,0.25,1.0,0.3435,0.125,0.125,1.25,1641803,Tristen Newton,IND,8,1,F/C
0.68,0.2,0.52,1.24,1.6,0.08,0.32,0.72,2.16,7.4,1.64,0.349,1.32,0.295,0.36,0.12,0.52,0.28,0.36,1.625,0.1715,0.0541,0.0703,1.9484,1641809,Drew Peterson,BOS,25,1,F/C
2.568,0.477,0.886,1.023,1.432,0.091,0.682,0.909,6.932,15.0,5.636,0.44,2.932,0.331,0.795,0.266,1.159,0.636,0.409,1.3,0.1217,0.0515,0.0591,5.8364,1641810,Antonio Reeves,NOP,44,4,G/F
0.882,0.196,0.392,1.039,1.529,0.118,0.275,0.863,2.627,7.843,2.353,0.279,1.451,0.25,0.549,0.206,0.451,0.412,0.49,1.429,0.1706,0.0501,0.05,3.1613,1641816,Hunter Tyson,DEN,51,1,F/C
3.15,0.362,0.988,2.788,3.475,0.938,0.925,1.6,8.6,18.925,6.938,0.412,3.325,0.324,1.35,0.44,1.2,1.1,0.688,1.068,0.1254,0.0984,0.0522,7.6456,1641824,Matas Buzelis,CHI,80,4,G/F
2.432,0.605,1.012,2.198,2.691,0.21,0.889,1.741,6.444,15.667,5.136,0.463,1.864,0.162,1.506,0.469,0.444,1.136,0.494,1.139,0.1793,0.0701,0.0646,5.2527,1641842,Ronald Holland II,DET,81,4,G/F
1.412,0.333,1.392,0.941,1.314,0.294,0.745,0.49,3.686,10.059,2.745,0.367,0.941,0.162,0.627,0.206,0.412,0.451,0.373,1.868,0.1183,0.1033,0.1384,3.8474,1641854,Craig Porter Jr.,CLE,51,1,F/C
0.154,0.154,0.154,0.385,0.923,0.154,0.462,0.692,0.692,4.462,0.615,0.115,0.154,0.0,0.769,0.135,0.0,0.385,0.538,0.333,0.2154,0.1381,0.0345,1.3391,1641857,Liam Robbins,MIL,13,1,F/C
1.522,0.261,0.565,1.043,2.0,0.304,0.348,0.891,4.217,10.261,3.609,0.357,2.304,0.231,0.478,0.167,0.739,0.435,0.957,1.625,0.1471,0.0635,0.0551,4.2633,1641871,Duop Reath,POR,46,1,F/C
1.043,0.13,0.174,0.826,1.087,0.174,0.348,0.478,2.913,5.304,2.174,0.394,1.304,0.216,0.348,0.087,0.565,0.261,0.261,0.5,0.1889,0.0984,0.0328,2.6472,1641890,Tyler Smith,MIL,23,1,F/C
1.1,1.0,0.8,1.2,2.1,0.1,0.3,1.8,3.2,13.7,3.5,0.175,2.5,0.126,0.6,0.15,0.7,0.3,0.9,2.667,0.2172,0.0292,0.0584,6.2857,1641989,Elijah Harkless,UTA,10,4,G/F
1.079,0.237,0.421,1.605,2.763,0.395,0.632,1.816,2.5,10.368,1.947,0.462,0.0,0.0,0.868,0.151,0.0,0.342,1.158,0.667,0.2426,0.0991,0.0406,2.3355,1641998,Trey Jemison III,LAL,38,1,F/C
1.733,0.667,0.267,2.533,3.133,0.667,0.4,1.4,5.067,14.333,3.6,0.562,2.733,0.373,0.8,0.367,1.0,0.6,0.6,0.667,0.1834,0.0744,0.0186,3.0836,1642024,Alex Reese,PHI,15,4,G/F
1.333,0.667,0.667,1.333,1.833,0.0,0.167,0.667,3.667,8.5,2.833,0.556,1.667,0.278,1.0,0.25,0.5,0.5,0.5,4.0,0.2224,0.0196,0.0785,2.3975,1642050,Jackson Rowe,GSW,6,4,G/F
4.76,0.693,1.227,2.427,3.573,0.493,1.227,1.987,12.56,24.587,10.387,0.442,4.587,0.315,1.987,0.469,1.627,1.413,1.147,1.0,0.127,0.07,0.0499,10.7692,1642258,Zaccharie Risacher,ATL,75,0,G
4.866,0.657,2.403,4.642,6.493,1.507,1.701,2.179,12.97,27.104,12.358,0.393,5.09,0.289,2.463,0.487,1.567,1.672,1.851,1.412,0.1191,0.1184,0.0887,12.3817,1642259,Alex Sarr,WAS,67,3,C/PF
3.295,0.308,0.846,2.295,2.769,0.103,0.474,1.192,9.051,19.128,7.141,0.437,4.359,0.341,1.077,0.304,1.641,0.821,0.474,1.784,0.1013,0.0302,0.0442,7.54,1642261,Dalton Knecht,LAL,78,4,G/F
1.66,0.46,1.18,1.72,2.26,0.32,0.88,1.9,4.6,21.12,5.14,0.293,2.7,0.231,0.8,0.248,0.7,0.58,0.54,1.341,0.1256,0.0568,0.0559,5.6655,1642262,Cody Williams,UTA,50,4,G/F
1.615,0.673,1.442,1.192,1.5,0.327,0.712,1.019,4.404,12.577,4.596,0.304,2.731,0.253,0.308,0.125,0.923,0.25,0.308,2.027,0.1587,0.0826,0.1147,5.3125,1642263,Reed Sheppard,HOU,52,4,G/F
5.222,0.914,4.099,2.568,3.667,0.272,2.185,2.025,14.691,26.691,12.198,0.411,4.111,0.268,4.247,0.621,1.173,3.074,1.099,1.876,0.1255,0.0921,0.1536,12.7056,1642264,Stephon Castle,SAS,81,0,G
1.898,0.408,2.0,0.776,1.02,0.02,1.082,0.755,4.469,10.633,4.306,0.33,1.51,0.192,0.306,0.071,0.51,0.163,0.245,1.849,0.1404,0.1036,0.1881,5.7515,1642265,Rob Dillingham,MIN,49,1,F/C
3.058,0.827,1.558,1.942,3.077,0.192,0.962,1.827,8.635,21.231,7.558,0.396,3.577,0.279,1.596,0.425,1.25,1.269,1.135,1.62,0.1437,0.0544,0.0734,7.7222,1642266,Ja'Kobe Walter,TOR,52,4,G/F
3.659,0.659,4.439,3.756,4.159,0.256,1.72,2.317,9.841,29.951,9.122,0.393,4.963,0.317,1.037,0.365,1.683,0.841,0.402,2.582,0.1125,0.066,0.1482,9.3104,1642267,Bub Carrington,WAS,82,0,G
3.296,0.93,6.282,2.859,3.31,0.225,2.93,2.099,8.662,25.887,7.817,0.399,2.38,0.179,2.169,0.41,0.592,1.479,0.451,2.144,0.1324,0.1219,0.2427,8.2607,1642268,Isaiah Collier,UTA,71,0,G
1.306,0.583,1.139,1.583,2.111,0.111,0.5,1.083,3.833,11.028,3.528,0.263,1.694,0.212,1.222,0.301,0.5,0.722,0.528,2.278,0.1749,0.0554,0.1033,4.9658,1642269,Devin Carter,SAC,36,4,G/F
2.687,0.507,1.149,4.627,7.866,1.642,1.075,2.821,6.507,19.791,4.985,0.526,0.731,0.153,1.552,0.317,0.209,0.925,3.239,1.069,0.1947,0.1373,0.0581,5.1084,1642270,Donovan Clingan,POR,67,3,C/PF
3.611,0.667,1.944,4.556,6.111,0.306,1.417,2.375,9.583,21.083,7.194,0.489,3.056,0.279,1.986,0.42,1.069,1.292,1.556,1.373,0.1675,0.0817,0.0922,7.3845,1642271,Kyle Filipowski,UTA,72,0,G
5.478,0.652,2.609,1.87,2.435,0.0,1.609,1.609,15.304,25.826,11.913,0.441,5.783,0.328,2.435,0.525,2.217,2.13,0.565,1.622,0.1046,0.0623,0.101,12.4218,1642272,Jared McCain,PHI,23,0,G
2.985,1.0,2.485,3.471,4.191,0.735,1.426,2.956,8.676,26.5,8.029,0.345,5.206,0.293,1.368,0.335,1.676,1.029,0.721,1.742,0.1623,0.0815,0.0938,8.6522,1642273,Kyshawn George,WAS,68,0,G
3.685,0.507,1.356,4.74,8.233,1.342,1.123,1.986,9.11,26.849,6.74,0.53,0.014,0.0,2.795,0.45,0.0,1.74,3.493,1.207,0.1126,0.0918,0.0505,6.9528,1642274,Yves Missi,NOP,73,3,C/PF
1.9,0.483,1.233,3.5,4.667,0.233,0.967,1.4,5.883,20.767,5.75,0.349,3.417,0.284,1.567,0.352,0.967,1.117,1.167,1.276,0.1075,0.0578,0.0594,5.4441,1642275,Tidjane Salaün,CHA,60,4,G/F
4.016,0.609,0.938,5.578,7.391,1.109,0.891,1.734,9.297,22.203,7.25,0.533,1.734,0.203,1.047,0.256,0.547,0.719,1.812,1.053,0.1295,0.0901,0.0422,7.5347,1642276,Kel'el Ware,MIA,64,3,C/PF
0.7,0.36,0.38,0.96,1.42,0.22,0.24,0.82,2.06,7.66,1.84,0.203,1.0,0.134,0.44,0.149,0.3,0.36,0.46,1.583,0.1805,0.0601,0.0496,3.4483,1642277,Johnny Furphy,IND,50,1,F/C
0.659,0.293,1.707,0.463,0.659,0.098,0.439,0.634,1.976,7.195,2.0,0.286,1.146,0.181,0.415,0.126,0.341,0.317,0.195,3.889,0.1686,0.0746,0.2372,2.3042,1642278,Tyler Kolek,NYK,41,1,F/C
0.286,0.0,0.286,0.571,1.143,0.143,0.286,0.714,0.714,4.714,0.714,0.286,0.0,0.0,0.286,0.071,0.0,0.143,0.571,1.0,0.2121,0.091,0.0607,1.0,1642279,Ulrich Chomche,TOR,7,1,F/C
0.667,0.0,0.0,0.5,0.667,0.0,0.167,0.667,1.833,4.333,1.833,0.074,0.333,0.0,0.5,0.333,0.0,0.5,0.167,0.0,0.171,0.0385,0.0,6.67,1642280,Trentyn Flowers,LAC,6,1,F/C
1.362,0.277,0.936,1.255,2.043,0.064,0.553,1.064,3.553,9.596,3.17,0.293,1.234,0.216,0.511,0.186,0.426,0.404,0.787,1.692,0.1703,0.0643,0.0975,4.6485,1642281,Jaylon Tyson,CLE,47,1,F/C
1.36,0.36,1.36,0.72,1.2,0.04,0.24,0.92,4.24,10.04,3.28,0.292,2.08,0.209,0.76,0.32,0.76,0.76,0.48,5.667,0.1566,0.0279,0.1355,4.6575,1642285,Cam Spencer,MEM,25,1,F/C
1.852,0.459,1.164,2.557,3.639,0.475,0.639,1.672,4.18,17.082,3.066,0.51,0.033,0.0,0.82,0.187,0.0,0.475,1.082,1.821,0.1546,0.0652,0.0681,3.6314,1642345,Oso Ighodaro,PHX,61,1,F/C
2.77,0.595,0.77,2.365,3.608,0.541,0.541,2.189,6.905,19.027,6.446,0.383,3.568,0.257,0.527,0.126,1.108,0.257,1.243,1.425,0.1664,0.0569,0.0405,7.2324,1642346,Ryan Dunn,PHX,74,4,G/F
2.72,0.773,4.213,1.133,1.533,0.133,1.56,2.107,7.107,19.52,6.72,0.413,2.973,0.317,0.92,0.34,0.96,0.707,0.4,2.701,0.1687,0.0867,0.2158,6.586,1642347,Jamal Shead,TOR,75,0,G
3.909,1.023,1.568,2.318,3.364,0.364,1.114,2.227,10.114,26.136,8.591,0.439,4.318,0.32,1.045,0.243,1.568,0.727,1.045,1.408,0.1411,0.0566,0.06,8.9043,1642348,Justin Edwards,PHI,44,0,G
2.528,0.694,1.778,1.389,1.889,0.111,0.806,1.889,6.5,16.639,5.111,0.449,1.667,0.331,0.972,0.407,0.639,0.806,0.5,2.207,0.1822,0.0551,0.1069,5.6303,1642349,Ajay Mitchell,OKC,36,4,G/F
1.125,0.312,0.25,1.375,1.75,0.25,0.25,0.688,2.688,6.25,1.625,0.255,0.438,0.104,0.562,0.141,0.188,0.25,0.375,1.0,0.2008,0.08,0.04,4.4118,1642352,Keshad Johnson,MIA,16,1,F/C
0.538,0.385,0.462,0.692,0.923,0.077,0.154,0.308,1.385,4.462,1.846,0.191,1.0,0.058,0.308,0.077,0.154,0.154,0.231,3.0,0.1981,0.0518,0.1035,2.8168,1642353,Cam Christie,LAC,13,1,F/C
2.889,0.944,3.111,1.944,3.028,0.167,1.556,1.556,7.833,23.444,8.361,0.315,3.611,0.21,1.389,0.421,0.917,1.139,1.083,2.0,0.1201,0.0735,0.1327,9.1714,1642354,KJ Simpson,CHA,36,0,G
0.778,0.333,0.815,0.519,0.667,0.111,0.481,0.481,2.296,6.778,2.481,0.244,1.185,0.18,0.519,0.204,0.333,0.407,0.148,1.692,0.1561,0.0873,0.1202,3.1885,1642355,Bronny James,LAL,27,1,F/C
2.828,0.414,2.621,1.759,2.034,0.103,1.207,1.724,7.586,22.034,7.345,0.39,3.103,0.232,1.276,0.417,0.828,1.103,0.276,2.171,0.1147,0.0595,0.119,7.2513,1642358,AJ Johnson,WAS,29,4,G/F
0.556,0.167,0.278,0.833,1.0,0.111,0.222,0.389,1.667,6.222,1.722,0.196,1.056,0.13,0.333,0.093,0.333,0.222,0.167,1.25,0.1209,0.0535,0.0447,2.8367,1642359,Pacome Dadiet,NYK,18,1,F/C
2.929,0.381,1.333,2.69,3.524,0.429,0.786,1.976,8.095,16.357,6.524,0.427,4.262,0.349,0.643,0.286,1.738,0.5,0.833,1.697,0.1702,0.0743,0.0815,6.8595,1642366,Quinten Post,GSW,42,4,G/F
2.476,0.873,2.317,3.206,4.937,0.54,1.111,2.159,6.175,20.429,5.651,0.426,1.111,0.161,1.302,0.345,0.27,0.952,1.73,2.086,0.1693,0.0808,0.1134,5.8122,1642367,Jonathan Mogbo,TOR,63,0,G
3.633,0.557,1.709,2.291,3.392,0.101,0.873,1.848,10.418,25.886,8.557,0.413,4.962,0.319,1.709,0.47,1.747,1.405,1.101,1.957,0.1089,0.0376,0.066,8.7966,1642377,Jaylen Wells,MEM,79,4,G/F
1.344,0.156,0.438,1.156,1.688,0.656,0.219,0.688,3.812,7.719,3.031,0.413,2.062,0.315,0.562,0.182,0.688,0.438,0.531,2.0,0.1628,0.1134,0.0567,3.2542,1642382,Branden Carlson,OKC,32,4,G/F
0.333,0.067,0.067,0.467,0.533,0.133,0.067,0.133,0.867,3.067,0.733,0.2,0.333,0.067,0.267,0.067,0.067,0.133,0.067,1.0,0.1304,0.0652,0.0218,1.665,1642384,Isaiah Crawford,SAC,15,1,F/C
0.0,0.0,0.0,0.0,0.0,0.0,0.0,0.0,0.0,1.0,0.333,0.0,0.0,0.0,0.0,0.0,0.0,0.0,0.0,0.0,0.0,0.0,0.0,0.0,1642389,Zyon Pullin,MEM,3,1,F/C
0.727,0.136,0.409,0.864,1.364,0.136,0.273,0.955,2.091,8.227,1.682,0.341,0.455,0.023,0.864,0.25,0.045,0.591,0.5,1.5,0.1741,0.0497,0.0497,2.132,1642402,Enrique Freeman,IND,22,1,F/C
1.35,0.125,0.3,0.875,1.425,0.25,0.4,0.75,3.35,7.575,2.075,0.474,0.2,0.062,0.9,0.229,0.075,0.575,0.55,0.75,0.1781,0.0858,0.0396,2.8481,1642403,Isaac Jones,SAC,40,1,F/C
2.525,0.288,0.898,2.051,2.678,0.169,0.458,1.559,7.102,17.627,5.881,0.405,4.39,0.361,0.305,0.144,1.78,0.271,0.627,1.963,0.1278,0.0356,0.0509,6.2346,1642419,Jamison Battle,TOR,59,4,G/F
0.667,0.444,0.111,1.444,1.667,0.222,0.333,0.667,1.556,7.333,2.111,0.356,0.778,0.0,0.778,0.044,0.0,0.222,0.222,0.333,0.2001,0.0757,0.0151,1.8736,1642422,Armel Traoré,LAL,9,1,F/C
0.0,0.0,0.0,2.0,2.0,0.0,0.0,0.0,0.0,7.0,1.0,0.0,1.0,0.0,0.0,0.0,0.0,0.0,0.0,0.0,0.0,0.0,0.0,0.0,1642434,Riley Minix,SAS,1,1,F/C
0.5,0.0,0.5,0.0,0.0,0.0,0.5,0.0,1.5,5.0,2.5,0.166,2.5,0.166,0.0,0.0,0.5,0.0,0.0,1.0,0.0332,0.1,0.1,3.012,1642439,Quincy Olivari,LAL,2,1,F/C
0.429,0.0,0.429,0.286,0.286,0.0,0.143,0.286,1.0,3.286,1.429,0.179,1.0,0.143,0.286,0.0,0.143,0.0,0.0,3.0,0.1415,0.0435,0.1306,2.3966,1642450,Daniss Jenkins,DET,7,1,F/C
0.55,0.25,0.25,0.45,0.85,0.25,0.25,0.85,1.3,6.2,1.7,0.125,0.85,0.025,0.15,0.1,0.05,0.15,0.4,1.0,0.1976,0.0806,0.0403,4.4,1642461,Spencer Jones,DEN,20,1,F/C
1.0,0.636,1.273,0.909,1.091,0.182,0.455,0.636,2.727,6.455,3.0,0.182,1.909,0.158,0.182,0.091,0.545,0.182,0.182,2.8,0.2253,0.0987,0.1972,5.4945,1642484,RayJ Dennis,IND,11,1,F/C
0.0,0.0,0.167,0.333,0.5,0.0,0.167,0.667,0.333,3.333,0.333,0.0,0.167,0.0,0.667,0.167,0.0,0.333,0.167,1.0,0.2001,0.0501,0.0501,0.0,1642502,Malevy Leons,OKC,6,1,F/C
0.571,0.238,0.238,0.81,1.238,0.0,0.19,0.571,1.714,5.952,1.429,0.286,1.0,0.286,0.095,0.048,0.476,0.095,0.429,1.25,0.184,0.0319,0.04,1.9965,1642505,Alex Ducas,OKC,21,1,F/C
0.5,0.091,0.864,0.545,0.545,0.0,0.227,0.364,1.636,4.136,1.364,0.152,1.045,0.095,0.409,0.136,0.318,0.318,0.0,3.8,0.1468,0.0549,0.2089,3.2895,1642530,Yuki Kawamura,MEM,22,1,F/C
