player_id,games_played,min_avg,fgm_avg,fga_avg,fg_pct,fg3m_avg,fg3a_avg,fg3_pct,ftm_avg,fta_avg,ft_pct,oreb_avg,dreb_avg,reb_avg,ast_avg,stl_avg,blk_avg,tov_avg,pf_avg,pts_avg,ast_tov_ratio,season
2544,70,34.957,9.3,18.143,0.511,2.129,5.657,0.349,3.7,4.729,0.751,1.029,6.771,7.8,8.214,1.0,0.557,3.714,1.414,24.429,2.212,2024-25
101108,82,27.939,3.037,7.11,0.433,1.707,4.524,0.387,1.037,1.122,0.483,0.402,3.207,3.61,7.378,1.256,0.268,1.573,1.841,8.817,4.69,2024-25
200768,35,18.886,1.171,3.343,0.264,0.829,2.514,0.246,0.771,0.943,0.257,0.314,1.6,1.914,2.743,0.943,0.314,0.6,1.771,3.943,4.571,2024-25
201142,62,36.581,9.548,18.129,0.535,2.581,6.0,0.466,4.887,5.823,0.807,0.371,5.661,6.032,4.242,0.806,1.242,3.065,1.677,26.565,1.384,2024-25
201143,60,27.667,3.25,7.683,0.411,1.9,5.233,0.34,0.567,0.633,0.254,1.317,4.833,6.15,2.133,0.6,0.85,0.767,1.35,8.967,2.783,2024-25
201144,71,24.732,2.634,6.592,0.39,1.789,4.366,0.409,1.141,1.268,0.407,0.451,2.113,2.563,4.493,1.113,0.197,1.056,1.563,8.197,4.253,2024-25
201145,32,12.406,1.906,3.781,0.474,0.906,2.469,0.326,0.656,0.812,0.23,0.344,1.469,1.812,0.625,0.188,0.125,0.281,1.0,5.375,2.222,2024-25
201566,75,27.92,4.973,11.08,0.454,1.253,3.88,0.292,2.053,3.107,0.526,1.36,3.573,4.933,6.093,1.413,0.493,3.227,2.507,13.253,1.888,2024-25
201567,23,10.913,1.783,5.0,0.277,1.043,2.913,0.248,0.696,1.0,0.239,0.957,3.13,4.087,0.957,0.652,0.174,0.609,0.913,5.304,1.571,2024-25
201569,39,19.692,2.231,5.231,0.376,1.436,3.513,0.339,0.923,1.231,0.36,0.205,0.974,1.179,1.667,0.667,0.308,0.718,0.821,6.821,2.321,2024-25
201572,80,31.825,4.925,9.675,0.508,1.738,4.662,0.357,1.425,1.725,0.533,1.412,3.6,5.012,1.788,0.625,1.85,1.05,2.138,13.012,1.702,2024-25
201587,78,17.487,1.333,3.051,0.371,1.128,2.603,0.371,0.218,0.269,0.115,0.603,2.192,2.795,1.077,0.667,0.462,0.436,1.423,4.013,2.471,2024-25
201599,56,12.304,1.625,2.5,0.584,0.0,0.0,0.0,0.482,1.143,0.154,1.5,3.571,5.071,0.946,0.286,0.482,0.714,1.321,3.732,1.325,2024-25
201935,79,35.316,6.722,16.392,0.41,2.975,8.456,0.345,6.392,7.316,0.86,0.696,5.076,5.772,8.696,1.494,0.696,4.316,2.051,22.81,2.015,2024-25
201939,70,32.129,8.057,17.971,0.445,4.443,11.2,0.392,3.986,4.271,0.842,0.571,3.857,4.429,6.014,1.143,0.429,2.857,1.357,24.543,2.105,2024-25
201942,77,35.935,8.104,16.987,0.479,1.091,3.325,0.3,4.909,5.727,0.834,0.649,3.221,3.87,4.442,0.805,0.416,1.364,1.948,22.208,3.257,2024-25
201949,12,3.083,0.333,0.917,0.181,0.0,0.25,0.0,0.0,0.083,0.0,0.0,0.5,0.5,0.333,0.0,0.167,0.333,0.417,0.667,1.0,2024-25
201950,62,30.661,4.097,9.242,0.439,1.742,4.935,0.321,1.129,1.242,0.392,1.226,3.048,4.274,3.855,1.065,0.435,1.242,1.629,11.065,3.104,2024-25
201959,37,11.027,1.27,2.568,0.439,0.027,0.054,0.014,0.324,0.541,0.16,1.378,1.865,3.243,0.568,0.243,0.486,0.676,1.459,2.892,0.84,2024-25
201988,29,11.069,1.241,3.31,0.291,0.897,2.586,0.267,0.448,0.483,0.19,0.138,0.621,0.759,0.897,0.448,0.103,0.586,0.828,3.828,1.529,2024-25
202066,28,8.071,0.643,2.143,0.148,0.214,1.0,0.11,0.393,0.429,0.17,0.321,0.714,1.036,1.107,0.607,0.071,0.357,0.821,1.893,3.1,2024-25
202331,41,32.561,5.976,13.902,0.421,2.341,6.537,0.345,1.927,2.366,0.565,0.585,4.756,5.341,4.341,1.829,0.488,2.585,2.463,16.22,1.679,2024-25
202681,50,36.02,8.94,18.9,0.477,2.88,7.18,0.373,3.92,4.28,0.847,1.2,3.6,4.8,4.62,1.32,0.46,2.22,2.02,24.68,2.081,2024-25
202684,40,8.2,0.775,1.775,0.311,0.0,0.075,0.0,0.175,0.75,0.073,0.8,2.55,3.35,0.6,0.05,0.275,0.35,0.9,1.725,1.714,2024-25
202685,81,18.79,4.259,7.741,0.554,0.099,0.457,0.074,1.79,2.037,0.682,2.346,5.395,7.741,2.025,0.457,0.568,1.481,2.235,10.407,1.367,2024-25
202691,72,27.389,5.014,12.181,0.403,3.0,7.681,0.368,0.931,1.028,0.37,0.611,2.806,3.417,2.014,0.694,0.417,1.222,1.125,13.958,1.648,2024-25
202692,49,17.653,2.347,5.531,0.385,1.796,4.224,0.356,0.776,1.0,0.307,0.306,2.224,2.531,1.122,0.571,0.143,0.592,0.755,7.265,1.897,2024-25
202693,15,11.0,1.4,4.667,0.29,0.6,2.4,0.276,0.333,0.4,0.167,0.2,1.333,1.533,1.4,0.133,0.2,0.333,1.067,3.733,4.2,2024-25
202695,37,31.838,8.378,16.838,0.497,2.108,5.135,0.39,2.649,3.27,0.712,0.946,4.973,5.919,3.135,1.595,0.459,1.946,1.514,21.514,1.611,2024-25
202696,73,31.151,7.534,14.219,0.536,1.767,4.397,0.394,1.644,2.041,0.527,2.438,7.63,10.068,3.507,0.836,0.712,1.63,2.233,18.479,2.151,2024-25
202699,73,31.603,5.26,11.027,0.475,1.247,3.616,0.301,1.959,2.274,0.607,0.89,5.027,5.918,2.219,1.014,0.781,1.164,1.89,13.726,1.906,2024-25
202704,31,12.419,1.677,4.29,0.346,0.806,2.387,0.263,0.226,0.29,0.129,0.258,1.097,1.355,1.452,0.516,0.097,0.548,1.097,4.387,2.647,2024-25
202709,50,12.2,1.24,3.08,0.355,0.78,2.14,0.293,0.28,0.36,0.136,0.34,1.14,1.48,1.44,0.52,0.08,0.36,1.0,3.54,4.0,2024-25
202710,55,31.764,5.473,10.855,0.5,0.582,1.891,0.289,6.0,7.127,0.793,2.273,3.109,5.382,5.418,1.4,0.327,1.345,0.945,17.527,4.027,2024-25
203076,51,33.412,9.216,17.843,0.509,0.686,2.431,0.233,5.608,7.235,0.707,2.627,8.941,11.569,3.549,1.157,2.157,2.216,1.922,24.725,1.602,2024-25
203078,53,32.038,6.509,13.094,0.481,1.925,4.981,0.365,2.075,2.585,0.532,0.642,2.698,3.34,3.679,1.094,0.528,1.868,2.566,17.019,1.97,2024-25
203081,58,36.103,7.655,17.103,0.44,3.397,9.034,0.37,6.241,6.776,0.906,0.5,4.19,4.69,7.069,1.207,0.172,2.793,1.672,24.948,2.531,2024-25
203083,40,18.725,2.925,5.85,0.497,0.075,0.5,0.05,1.4,2.25,0.473,2.725,5.025,7.75,0.85,0.975,0.45,1.375,2.35,7.325,0.618,2024-25
203084,82,27.195,4.232,8.329,0.483,1.902,4.39,0.403,1.963,2.427,0.578,1.183,2.598,3.78,1.659,0.476,0.171,0.61,0.915,12.329,2.72,2024-25
203109,9,11.556,0.778,2.444,0.185,0.444,1.667,0.194,0.556,0.667,0.093,0.667,1.556,2.222,0.667,0.333,0.0,0.444,1.111,2.556,1.5,2024-25
203110,68,29.132,3.176,7.485,0.408,1.176,3.618,0.28,1.485,2.162,0.488,1.088,5.0,6.088,5.632,1.456,1.029,2.559,3.221,9.015,2.201,2024-25
203114,37,22.892,4.324,9.108,0.441,1.297,3.595,0.305,1.946,2.27,0.559,0.351,3.351,3.703,4.054,0.946,0.216,1.514,2.027,11.892,2.679,2024-25
203458,46,8.196,0.696,1.37,0.324,0.043,0.196,0.033,0.174,0.37,0.078,0.826,1.239,2.065,0.826,0.196,0.457,0.435,1.217,1.609,1.9,2024-25
203468,56,32.75,7.929,17.857,0.426,3.054,8.196,0.338,2.214,3.089,0.63,0.75,3.036,3.786,4.054,0.821,0.429,1.893,2.214,21.125,2.142,2024-25
203471,75,28.107,4.48,11.027,0.399,1.693,4.947,0.321,2.413,2.88,0.623,0.36,2.28,2.64,5.387,0.88,0.16,1.893,2.4,13.067,2.845,2024-25
203482,44,20.295,3.045,6.091,0.496,0.75,1.795,0.347,1.886,2.455,0.49,1.409,3.273,4.682,2.909,0.75,0.432,1.727,2.795,8.727,1.684,2024-25
203484,77,29.584,3.104,7.065,0.415,1.468,4.286,0.312,1.065,1.234,0.473,0.429,1.766,2.195,1.766,1.286,0.442,0.805,1.766,8.74,2.194,2024-25
203486,74,17.568,1.689,2.73,0.544,0.0,0.054,0.0,1.122,1.73,0.366,1.568,4.581,6.149,1.811,0.446,0.635,0.797,2.081,4.5,2.271,2024-25
203497,72,33.222,4.736,7.083,0.674,0.0,0.0,0.0,2.556,3.792,0.587,3.681,7.222,10.903,1.764,0.778,1.444,1.236,2.528,12.028,1.427,2024-25
203500,58,13.672,1.569,2.879,0.482,0.0,0.034,0.0,0.741,1.603,0.244,2.862,2.776,5.638,1.138,0.379,0.483,0.931,1.034,3.879,1.222,2024-25
203501,77,27.948,3.584,8.831,0.393,2.182,5.935,0.343,1.61,1.883,0.522,0.234,2.143,2.377,1.597,0.494,0.091,0.623,1.247,10.961,2.562,2024-25
203507,67,34.194,11.836,19.687,0.607,0.209,0.94,0.104,6.507,10.552,0.582,2.194,9.716,11.91,6.463,0.866,1.164,3.075,2.313,30.388,2.102,2024-25
203552,68,15.574,2.412,5.044,0.382,1.221,2.676,0.342,0.485,0.574,0.257,0.353,1.309,1.662,0.882,0.397,0.103,0.471,0.868,6.529,1.875,2024-25
203897,74,35.27,8.446,16.527,0.501,3.23,7.243,0.431,3.176,3.851,0.727,0.297,3.959,4.257,4.189,0.784,0.162,2.811,1.635,23.297,1.49,2024-25
203901,24,21.25,1.667,5.083,0.252,0.042,0.25,0.042,0.167,0.292,0.052,0.625,2.667,3.292,6.917,1.0,0.458,2.458,1.5,3.542,2.814,2024-25
203903,37,26.081,5.432,13.324,0.399,2.27,6.27,0.333,3.081,3.865,0.696,0.676,2.514,3.189,3.73,0.838,0.243,2.324,1.405,16.216,1.605,2024-25
203914,48,14.771,1.062,2.771,0.306,0.75,2.104,0.255,0.146,0.25,0.059,0.417,0.917,1.333,0.625,0.542,0.25,0.354,0.938,3.021,1.765,2024-25
203915,79,27.0,3.595,8.633,0.409,1.38,4.127,0.346,2.468,3.076,0.574,0.228,2.418,2.646,4.418,0.886,0.215,1.291,1.532,11.038,3.422,2024-25
203924,47,32.447,4.553,12.213,0.369,2.298,6.298,0.362,3.0,3.532,0.611,0.553,2.915,3.468,2.149,0.872,0.979,1.383,2.319,14.404,1.554,2024-25
203926,42,8.167,1.19,2.786,0.268,1.048,2.405,0.276,0.071,0.119,0.028,0.071,0.452,0.524,0.167,0.095,0.048,0.143,0.714,3.5,1.167,2024-25
203932,51,28.373,5.176,9.745,0.523,1.471,3.373,0.425,2.843,3.51,0.672,1.569,3.275,4.843,3.216,0.451,0.275,1.431,1.608,14.667,2.247,2024-25
203935,34,20.0,2.971,7.559,0.387,1.441,4.147,0.322,1.588,2.088,0.45,0.529,1.588,2.118,3.206,1.147,0.265,1.588,1.559,8.971,2.019,2024-25
203937,61,16.475,2.328,4.967,0.466,0.41,1.148,0.219,0.787,1.066,0.272,0.869,2.508,3.377,2.377,0.656,0.541,0.607,1.328,5.852,3.919,2024-25
203939,55,10.036,0.764,1.109,0.358,0.036,0.091,0.027,0.509,0.782,0.22,0.855,1.291,2.145,1.0,0.327,0.382,0.327,1.364,2.073,3.056,2024-25
203944,69,32.275,6.594,13.609,0.479,1.565,4.551,0.304,3.913,4.855,0.72,2.087,4.971,7.058,4.681,0.681,0.232,2.841,2.536,18.667,1.648,2024-25
203952,60,30.683,6.267,13.983,0.436,2.167,5.8,0.358,3.267,4.283,0.688,1.483,3.0,4.483,2.633,1.0,0.833,1.65,1.683,17.967,1.596,2024-25
203954,19,30.211,7.368,16.579,0.425,1.211,4.053,0.332,7.842,8.895,0.839,1.895,6.263,8.158,4.474,0.737,0.947,3.263,2.211,23.789,1.371,2024-25
203957,20,18.6,3.2,6.7,0.462,1.15,2.65,0.377,1.15,1.55,0.412,0.2,1.45,1.65,2.8,0.6,0.15,1.1,1.7,8.7,2.545,2024-25
203967,16,13.188,1.312,3.625,0.3,0.438,1.625,0.116,0.438,0.625,0.188,0.875,2.25,3.125,1.438,0.438,0.062,0.938,1.188,3.5,1.533,2024-25
203991,55,21.491,3.964,7.091,0.566,0.0,0.018,0.0,0.945,1.764,0.348,3.164,5.364,8.527,1.127,0.618,0.964,0.855,1.927,8.873,1.319,2024-25
203992,54,24.926,3.889,9.111,0.436,1.944,5.352,0.399,1.074,1.222,0.424,0.444,2.5,2.944,2.704,0.759,0.204,1.37,2.352,10.796,1.973,2024-25
203994,51,20.824,3.294,6.902,0.463,0.627,2.059,0.252,1.667,2.51,0.534,1.667,6.137,7.804,2.255,0.784,0.667,1.902,2.549,8.882,1.186,2024-25
203995,41,19.171,2.317,6.659,0.293,1.098,3.049,0.27,0.829,1.0,0.32,0.488,1.683,2.171,3.122,0.366,0.0,1.878,1.098,6.561,1.662,2024-25
203999,70,36.786,11.229,19.486,0.585,1.971,4.729,0.428,5.157,6.443,0.762,2.857,9.886,12.743,10.229,1.814,0.643,3.286,2.286,29.586,3.113,2024-25
204001,42,28.762,6.595,13.667,0.487,2.452,5.952,0.418,3.833,4.738,0.746,1.619,5.143,6.762,2.071,0.738,1.5,1.262,2.762,19.476,1.642,2024-25
204060,19,6.0,0.316,1.211,0.061,0.158,0.789,0.048,0.0,0.0,0.0,0.105,0.474,0.579,1.211,0.105,0.0,0.474,0.632,0.789,2.556,2024-25
204456,79,17.937,4.101,7.899,0.51,0.19,0.62,0.136,0.722,0.975,0.241,0.557,1.886,2.443,4.443,1.051,0.266,1.38,1.0,9.114,3.22,2024-25
1626145,81,26.815,3.778,8.432,0.431,2.049,4.951,0.387,0.63,0.704,0.263,0.494,1.926,2.42,5.296,0.852,0.099,1.123,0.778,10.235,4.714,2024-25
1626153,40,15.875,1.125,3.275,0.253,0.5,1.825,0.194,0.375,0.625,0.138,0.675,0.975,1.65,1.925,0.875,0.3,0.55,0.625,3.125,3.5,2024-25
1626156,58,25.5,4.293,11.0,0.37,1.948,6.207,0.303,2.086,2.5,0.583,0.345,2.448,2.793,5.121,0.966,0.397,1.862,1.983,12.621,2.75,2024-25
1626157,72,34.972,8.875,16.875,0.521,1.972,4.694,0.417,4.708,5.681,0.832,2.944,9.833,12.778,3.083,0.986,0.694,2.667,3.458,24.431,1.156,2024-25
1626158,31,17.226,2.903,4.484,0.599,0.0,0.097,0.0,1.613,1.935,0.562,2.0,3.71,5.71,1.355,0.29,0.742,0.677,1.581,7.419,2.0,2024-25
1626162,60,34.717,5.8,12.35,0.47,1.183,4.033,0.261,2.317,3.083,0.559,1.617,4.517,6.133,1.8,1.533,0.5,1.333,3.0,15.1,1.35,2024-25
1626164,75,37.267,8.72,18.933,0.453,2.44,7.347,0.299,5.76,6.44,0.885,1.013,3.053,4.067,7.053,0.893,0.213,2.933,2.64,25.64,2.405,2024-25
1626166,72,15.125,2.486,6.194,0.364,1.292,3.556,0.304,0.681,0.75,0.269,0.194,1.25,1.444,2.819,0.542,0.222,0.722,1.542,6.944,3.904,2024-25
1626167,72,30.194,5.417,11.264,0.482,2.167,5.472,0.369,2.556,3.306,0.641,1.25,5.292,6.542,1.542,0.75,2.0,1.708,2.542,15.556,0.902,2024-25
1626168,69,19.551,2.275,5.42,0.411,1.174,3.449,0.319,0.812,1.159,0.33,1.159,3.42,4.58,1.188,0.594,0.333,0.565,1.246,6.536,2.103,2024-25
1626171,49,25.367,5.653,12.143,0.465,1.327,3.633,0.329,1.245,1.49,0.513,1.837,6.551,8.388,2.122,0.714,0.531,1.163,1.918,13.878,1.825,2024-25
1626172,76,15.066,1.882,3.658,0.511,0.026,0.066,0.026,0.737,1.303,0.286,2.434,3.645,6.079,1.553,0.605,0.487,0.513,2.026,4.526,3.026,2024-25
1626179,64,25.859,3.875,9.922,0.369,1.422,4.812,0.261,1.438,1.688,0.505,0.688,3.031,3.719,2.609,0.578,0.219,1.219,1.141,10.609,2.141,2024-25
1626181,60,32.65,7.617,15.75,0.48,2.983,7.133,0.422,3.55,4.417,0.72,0.35,2.817,3.167,2.083,1.217,0.15,1.8,1.9,21.767,1.157,2024-25
1626192,41,14.78,2.024,4.317,0.434,0.634,1.976,0.273,0.585,0.756,0.217,0.463,2.195,2.659,1.707,0.22,0.268,0.585,1.098,5.268,2.917,2024-25
1626196,8,18.625,1.375,4.75,0.252,0.75,2.75,0.279,0.5,0.5,0.25,0.75,0.75,1.5,1.5,1.0,0.125,1.0,2.125,4.0,1.5,2024-25
1626204,24,19.292,3.333,6.458,0.475,1.417,3.167,0.342,0.375,0.542,0.188,0.958,3.333,4.292,1.583,0.833,0.542,0.667,1.542,8.458,2.375,2024-25
1626220,75,24.56,3.213,7.6,0.41,2.387,5.88,0.394,0.253,0.347,0.123,0.707,3.947,4.653,2.173,0.893,0.453,0.867,2.013,9.067,2.508,2024-25
1627732,51,21.941,2.275,4.373,0.461,0.0,0.0,0.0,0.471,0.647,0.149,0.922,3.804,4.725,5.588,0.745,0.451,2.0,2.098,5.02,2.794,2024-25
1627734,70,34.686,7.529,12.757,0.592,0.929,2.229,0.364,3.114,4.129,0.675,3.814,10.071,13.886,6.043,0.686,0.371,2.886,3.271,19.1,2.094,2024-25
1627736,82,27.866,5.622,13.061,0.428,3.89,9.341,0.412,1.159,1.707,0.409,0.573,2.037,2.61,1.695,0.89,0.061,1.012,1.524,16.293,1.675,2024-25
1627739,74,24.122,2.595,5.905,0.449,1.014,3.027,0.359,0.203,0.297,0.099,0.716,2.676,3.392,2.838,1.73,0.365,1.0,2.662,6.405,2.838,2024-25
1627741,82,22.768,4.0,9.585,0.392,2.476,6.695,0.343,0.646,0.78,0.301,0.622,2.598,3.22,1.634,0.841,0.28,1.11,1.61,11.122,1.473,2024-25
1627742,18,33.0,8.611,18.5,0.454,2.389,6.389,0.379,2.611,3.056,0.729,0.944,4.611,5.556,5.167,0.889,0.611,3.833,2.5,22.222,1.348,2024-25
1627747,64,24.875,4.375,9.359,0.441,1.656,4.438,0.35,1.719,2.422,0.522,0.641,2.531,3.172,3.359,0.891,0.516,1.188,1.547,12.125,2.829,2024-25
1627749,31,32.645,6.258,15.935,0.391,1.677,5.613,0.277,3.29,4.0,0.762,0.548,5.903,6.452,7.355,2.032,0.387,3.419,1.968,17.484,2.151,2024-25
1627750,67,36.134,7.925,16.731,0.467,2.328,5.925,0.365,3.254,3.672,0.797,0.672,3.224,3.896,6.015,1.358,0.493,2.06,1.91,21.433,2.92,2024-25
1627751,57,29.596,6.368,10.158,0.612,0.018,0.053,0.018,1.702,2.526,0.49,3.316,6.281,9.596,2.772,1.158,1.246,1.947,3.088,14.456,1.423,2024-25
1627752,80,27.112,2.938,6.425,0.443,1.838,4.188,0.427,0.488,0.6,0.244,0.425,3.162,3.588,1.938,0.95,0.188,1.025,2.062,8.2,1.89,2024-25
1627759,63,34.286,8.222,17.746,0.466,1.841,5.683,0.318,3.905,5.111,0.692,1.302,4.54,5.841,4.54,1.159,0.302,2.571,2.444,22.19,1.765,2024-25
1627763,24,23.542,4.333,10.0,0.409,0.667,2.333,0.244,3.375,3.833,0.757,0.875,2.917,3.792,4.083,0.542,0.208,1.583,1.25,12.708,2.579,2024-25
1627777,79,21.468,3.62,7.848,0.461,2.101,5.177,0.4,0.582,0.734,0.267,0.595,2.848,3.443,1.405,0.354,0.177,1.038,2.544,9.924,1.354,2024-25
1627780,62,14.887,2.758,4.806,0.543,0.5,1.532,0.198,0.435,0.613,0.206,0.855,2.129,2.984,1.339,0.839,0.274,0.629,1.742,6.452,2.128,2024-25
1627783,78,32.731,7.859,15.154,0.517,1.615,4.154,0.374,2.897,3.949,0.706,1.705,5.218,6.923,3.372,0.897,0.538,1.397,2.423,20.231,2.413,2024-25
1627814,25,5.88,1.08,2.96,0.338,0.36,1.48,0.2,0.8,0.84,0.35,0.12,0.68,0.8,0.44,0.24,0.0,0.4,0.24,3.32,1.1,2024-25
1627824,70,27.043,4.029,8.043,0.464,1.486,3.914,0.305,1.429,1.971,0.497,1.914,3.729,5.643,2.114,0.829,0.343,1.243,2.343,10.971,1.701,2024-25
1627826,80,32.788,7.4,11.775,0.623,0.0,0.0,0.0,1.95,2.95,0.543,3.75,8.875,12.625,2.675,0.688,1.125,1.588,2.1,16.75,1.685,2024-25
1627827,63,28.873,3.095,6.905,0.436,2.048,4.984,0.376,0.476,0.714,0.176,1.27,2.651,3.921,1.429,0.921,0.365,0.889,2.159,8.714,1.607,2024-25
1627832,60,35.217,4.783,12.65,0.362,2.65,7.683,0.33,1.85,2.283,0.524,0.533,3.15,3.683,5.55,1.567,0.417,1.45,2.333,14.067,3.828,2024-25
1627884,77,24.338,4.026,7.649,0.538,1.013,2.844,0.333,1.078,1.532,0.435,1.208,2.208,3.416,0.779,1.026,0.429,0.857,1.987,10.143,0.909,2024-25
1627936,54,19.259,2.593,5.815,0.409,1.111,3.148,0.336,0.778,0.944,0.315,0.704,2.241,2.944,2.537,1.611,0.556,0.685,1.889,7.074,3.703,2024-25
1628366,35,22.143,2.543,6.943,0.389,1.914,5.571,0.354,0.629,0.771,0.212,0.714,2.657,3.371,3.286,1.343,0.486,1.171,1.571,7.629,2.805,2024-25
1628368,62,36.161,8.694,18.758,0.462,1.903,6.145,0.319,4.242,5.129,0.744,0.871,3.935,4.806,6.323,1.468,0.403,2.806,2.645,23.532,2.253,2024-25
1628369,72,36.431,9.194,20.347,0.447,3.472,10.111,0.341,4.972,6.111,0.833,0.667,7.986,8.653,5.986,1.056,0.528,2.903,2.181,26.833,2.062,2024-25
1628370,65,31.6,6.338,14.446,0.434,2.138,6.585,0.295,2.369,2.738,0.662,0.462,3.308,3.769,5.569,0.938,0.585,2.446,2.431,17.185,2.277,2024-25
1628371,71,15.338,1.887,4.563,0.393,0.549,2.127,0.195,1.028,1.507,0.385,1.69,2.732,4.423,0.563,0.859,1.127,0.465,1.268,5.352,1.212,2024-25
1628374,47,31.383,6.298,14.894,0.431,2.936,8.489,0.346,3.447,3.936,0.743,1.532,4.383,5.915,1.489,0.702,0.362,1.404,1.681,18.979,1.061,2024-25
1628378,71,31.408,8.239,18.592,0.443,3.282,8.915,0.356,4.197,5.099,0.749,0.803,3.732,4.535,4.986,1.338,0.239,2.099,1.972,23.958,2.376,2024-25
1628379,65,22.631,3.169,6.631,0.417,1.738,4.015,0.362,0.785,0.877,0.337,0.569,2.246,2.815,3.308,0.769,0.077,1.108,0.908,8.862,2.986,2024-25
1628380,64,15.328,2.391,4.719,0.47,0.5,1.656,0.248,1.078,1.219,0.327,1.594,2.906,4.5,1.734,0.453,0.453,0.938,2.062,6.359,1.85,2024-25
1628381,40,30.5,7.0,13.275,0.538,1.475,3.7,0.381,3.475,4.1,0.894,2.225,5.95,8.175,2.0,0.975,1.0,2.575,2.9,18.95,0.777,2024-25
1628384,74,36.568,6.608,13.878,0.465,2.311,6.216,0.361,2.473,3.054,0.632,1.311,3.527,4.838,2.216,1.486,0.878,1.378,2.324,18.0,1.608,2024-25
1628386,82,27.988,5.512,7.805,0.697,0.0,0.061,0.0,2.427,3.378,0.582,2.634,7.098,9.732,1.927,0.939,0.89,1.183,1.549,13.451,1.629,2024-25
1628389,78,34.346,6.923,14.269,0.478,1.013,2.833,0.308,3.218,4.205,0.693,2.372,7.231,9.603,4.321,1.256,0.679,2.064,2.077,18.077,2.093,2024-25
1628392,57,27.877,4.895,8.421,0.583,0.0,0.333,0.0,1.386,2.053,0.427,2.86,7.86,10.719,3.842,0.825,1.088,1.684,3.0,11.175,2.281,2024-25
1628398,65,29.785,5.692,13.046,0.438,1.477,4.815,0.254,1.969,3.108,0.461,0.831,4.862,5.692,2.338,0.554,0.292,2.246,1.831,14.831,1.041,2024-25
1628401,76,33.829,5.579,12.618,0.442,3.487,9.092,0.386,1.776,2.118,0.623,0.882,3.605,4.487,4.75,0.947,1.053,1.724,1.816,16.421,2.756,2024-25
1628404,77,37.61,5.247,10.0,0.527,1.091,3.273,0.313,2.065,2.662,0.565,2.091,7.481,9.571,5.883,1.545,0.351,2.052,2.61,13.649,2.867,2024-25
1628408,9,4.0,0.222,0.333,0.222,0.222,0.333,0.222,0.111,0.667,0.056,0.111,0.444,0.556,0.556,0.111,0.0,0.111,0.333,0.778,5.0,2024-25
1628415,75,31.84,5.12,11.933,0.423,2.48,6.253,0.388,1.32,1.613,0.451,1.0,2.667,3.667,1.707,0.8,0.213,1.013,3.227,14.04,1.684,2024-25
1628418,66,14.591,2.47,4.864,0.462,0.727,2.242,0.297,0.833,0.97,0.438,1.258,2.545,3.803,0.803,0.424,0.621,0.455,1.152,6.5,1.767,2024-25
1628420,45,12.711,1.844,4.333,0.389,0.689,1.911,0.264,0.8,0.933,0.289,0.267,1.222,1.489,1.622,0.444,0.067,0.467,0.511,5.178,3.476,2024-25
1628427,13,10.385,0.769,2.0,0.219,0.308,1.154,0.141,0.0,0.0,0.0,0.462,2.0,2.462,0.692,0.231,0.154,0.846,0.769,1.846,0.818,2024-25
1628436,73,18.685,2.562,3.836,0.564,0.0,0.041,0.0,0.918,1.329,0.333,2.603,2.712,5.315,1.603,0.493,0.973,0.425,1.63,6.041,3.774,2024-25
1628449,50,17.28,3.64,7.4,0.46,1.4,3.86,0.305,1.36,1.74,0.402,1.4,3.08,4.48,0.66,0.48,0.5,0.58,1.36,10.04,1.138,2024-25
1628464,37,16.324,1.649,3.405,0.414,0.243,0.973,0.171,0.784,0.946,0.299,1.162,3.135,4.297,1.595,0.459,0.486,0.676,1.811,4.324,2.36,2024-25
1628467,34,18.735,1.088,2.824,0.322,0.382,1.441,0.213,0.471,0.618,0.191,0.735,2.059,2.794,1.265,0.265,0.5,0.676,1.941,3.029,1.87,2024-25
1628470,26,12.0,1.462,3.462,0.312,0.923,2.538,0.272,0.308,0.462,0.154,1.038,1.769,2.808,0.654,0.308,0.462,0.308,1.308,4.154,2.125,2024-25
1628960,64,24.125,3.422,7.641,0.454,2.328,5.469,0.428,1.453,1.781,0.468,0.531,2.5,3.031,2.141,0.844,0.297,1.172,1.484,10.625,1.827,2024-25
1628963,31,8.645,1.774,3.419,0.38,0.097,0.613,0.038,0.742,1.129,0.266,1.226,1.484,2.71,0.355,0.29,0.258,0.387,0.581,4.387,0.917,2024-25
1628964,32,12.938,1.625,3.5,0.462,0.469,1.688,0.222,0.594,0.844,0.294,1.0,3.531,4.531,0.562,0.281,0.969,0.625,1.75,4.312,0.9,2024-25
1628969,82,37.073,7.22,14.427,0.489,2.0,5.646,0.325,1.171,1.439,0.421,0.866,2.293,3.159,3.732,0.915,0.524,1.61,1.549,17.61,2.318,2024-25
1628970,64,31.703,7.328,17.016,0.427,2.203,7.031,0.312,3.453,3.969,0.774,1.125,6.391,7.516,3.875,0.688,0.703,2.125,1.453,20.312,1.824,2024-25
1628971,41,22.439,3.171,7.537,0.357,0.659,1.976,0.233,1.293,1.585,0.557,0.976,3.024,4.0,2.049,0.829,0.244,0.951,1.732,8.293,2.154,2024-25
1628973,65,35.4,9.0,18.462,0.484,2.338,6.108,0.352,5.662,6.892,0.779,0.415,2.462,2.877,7.308,0.923,0.123,2.523,2.123,26.0,2.896,2024-25
1628975,36,8.917,1.528,4.056,0.339,0.972,2.917,0.225,0.222,0.278,0.111,0.111,0.972,1.083,1.111,0.361,0.083,0.306,0.417,4.25,3.636,2024-25
1628976,68,25.882,3.324,7.221,0.463,0.544,2.324,0.233,1.897,2.574,0.54,2.221,5.015,7.235,1.971,0.765,0.603,1.132,2.926,9.088,1.74,2024-25
1628978,62,25.887,4.032,9.565,0.414,2.806,7.065,0.388,0.79,1.016,0.333,0.516,3.161,3.677,3.629,1.177,0.274,1.597,1.839,11.661,2.273,2024-25
1628981,17,8.529,1.529,2.882,0.491,0.0,0.0,0.0,0.353,0.471,0.176,1.235,1.765,3.0,1.059,0.235,0.529,0.824,1.588,3.412,1.286,2024-25
1628983,76,34.158,11.316,21.789,0.525,2.145,5.724,0.398,7.908,8.803,0.891,0.882,4.105,4.987,6.395,1.724,1.013,2.408,2.158,32.684,2.656,2024-25
1628988,62,12.79,1.887,4.323,0.366,1.161,2.919,0.314,0.548,0.661,0.255,0.21,1.048,1.258,1.339,0.306,0.177,0.597,1.032,5.484,2.243,2024-25
1628989,69,24.333,3.725,8.754,0.394,1.913,5.667,0.305,0.507,0.71,0.238,0.435,2.536,2.971,2.261,0.957,0.333,0.971,1.754,9.87,2.328,2024-25
1628991,74,29.784,8.0,16.392,0.487,1.973,5.257,0.372,4.203,5.378,0.744,1.23,4.405,5.635,2.0,1.243,1.527,2.068,3.473,22.176,0.967,2024-25
1628997,45,27.067,2.867,6.756,0.412,0.822,2.289,0.272,1.356,2.178,0.394,1.178,2.756,3.933,2.111,1.022,0.511,1.244,1.933,7.911,1.696,2024-25
1628998,53,22.132,2.566,6.132,0.39,0.811,2.849,0.246,0.811,1.151,0.34,1.0,3.226,4.226,1.981,1.057,0.604,0.962,1.792,6.755,2.059,2024-25
1629001,6,20.167,3.667,9.0,0.38,2.167,5.833,0.34,0.833,1.333,0.194,1.0,2.333,3.333,2.833,1.167,0.333,1.667,3.0,10.333,1.7,2024-25
1629003,57,14.649,2.018,4.456,0.323,0.667,1.86,0.204,0.825,1.035,0.273,0.544,1.281,1.825,1.789,0.439,0.07,0.702,1.175,5.526,2.55,2024-25
1629004,38,19.974,3.105,7.947,0.364,1.842,5.342,0.329,0.737,0.921,0.325,0.579,1.789,2.368,2.0,0.5,0.184,1.368,1.132,8.789,1.462,2024-25
1629006,40,15.675,2.35,5.3,0.416,0.8,2.3,0.265,1.575,2.125,0.359,1.125,1.7,2.825,0.825,1.2,0.45,0.775,1.175,7.075,1.065,2024-25
1629008,77,33.701,6.857,13.61,0.502,2.506,6.351,0.385,1.935,2.519,0.653,1.792,5.221,7.013,2.143,0.649,0.494,1.351,2.039,18.156,1.587,2024-25
1629012,63,27.968,6.603,13.762,0.48,1.746,4.302,0.37,3.444,3.984,0.758,0.952,1.762,2.714,4.19,0.746,0.095,2.54,2.286,18.397,1.65,2024-25
1629013,50,15.22,2.12,4.6,0.438,1.24,3.12,0.312,0.24,0.36,0.11,0.22,1.0,1.22,0.54,0.46,0.04,0.44,1.04,5.72,1.227,2024-25
1629014,70,32.714,6.843,16.071,0.414,3.071,8.471,0.338,2.5,2.771,0.681,0.357,2.343,2.7,4.814,0.857,0.071,2.043,1.671,19.257,2.357,2024-25
1629018,74,25.568,3.824,8.878,0.424,2.432,5.851,0.393,1.054,1.243,0.407,0.27,2.0,2.27,1.176,0.973,0.054,0.568,1.676,11.135,2.071,2024-25
1629020,36,16.111,1.639,3.361,0.427,0.25,0.889,0.144,0.556,1.0,0.222,1.889,3.167,5.056,1.139,0.972,0.278,0.806,1.861,4.083,1.414,2024-25
1629021,30,18.8,4.667,8.3,0.537,0.9,2.5,0.338,2.633,3.667,0.6,1.333,3.6,4.933,1.4,0.8,0.4,1.633,1.833,12.867,0.857,2024-25
1629023,57,32.158,5.281,11.667,0.445,1.596,4.193,0.357,2.509,3.474,0.487,1.439,6.316,7.754,2.298,1.105,1.053,2.07,2.298,14.667,1.11,2024-25
1629026,69,16.391,2.478,5.13,0.483,0.957,2.478,0.344,0.406,0.565,0.203,0.942,2.551,3.493,1.406,0.623,0.145,0.565,1.594,6.319,2.487,2024-25
1629027,76,36.026,7.447,18.105,0.407,2.868,8.447,0.325,6.461,7.382,0.841,0.474,2.632,3.105,11.579,1.197,0.158,4.671,1.908,24.224,2.479,2024-25
1629028,40,30.25,6.625,11.7,0.568,0.15,0.8,0.096,1.0,1.5,0.297,3.1,7.05,10.15,1.6,0.775,0.975,1.725,2.2,14.4,0.928,2024-25
1629029,50,35.32,9.22,20.5,0.449,3.54,9.62,0.355,6.18,7.9,0.778,0.8,7.38,8.18,7.66,1.78,0.42,3.58,2.52,28.16,2.14,2024-25
1629048,70,20.5,2.957,4.843,0.557,0.043,0.4,0.036,1.214,1.9,0.372,2.386,4.229,6.614,1.957,0.7,1.4,1.029,2.143,7.171,1.903,2024-25
1629057,20,17.55,2.5,3.9,0.534,0.05,0.15,0.05,0.75,0.85,0.3,1.75,4.15,5.9,1.05,0.65,1.65,0.85,1.55,5.8,1.235,2024-25
1629060,59,31.627,4.966,9.763,0.514,1.729,4.186,0.389,1.475,1.915,0.533,1.339,3.661,5.0,1.407,0.763,0.441,0.831,1.78,13.136,1.694,2024-25
1629098,9,4.889,0.556,1.889,0.25,0.444,1.444,0.222,0.0,0.0,0.0,0.222,0.333,0.556,0.111,0.0,0.222,0.222,0.333,1.556,0.5,2024-25
1629111,42,11.881,1.929,3.619,0.423,0.262,0.619,0.222,0.643,0.952,0.284,1.333,1.929,3.262,0.881,0.31,0.238,0.5,1.167,4.762,1.762,2024-25
1629130,74,24.149,3.919,8.959,0.416,2.568,6.527,0.381,0.635,0.716,0.288,0.243,2.014,2.257,2.378,0.541,0.081,1.162,1.824,11.041,2.047,2024-25
1629162,46,6.848,0.674,1.565,0.275,0.413,1.0,0.223,0.37,0.478,0.174,0.13,0.522,0.652,1.109,0.348,0.022,0.348,0.391,2.13,3.188,2024-25
1629216,72,21.194,2.333,5.833,0.38,1.514,4.292,0.304,0.208,0.292,0.111,0.278,1.0,1.278,1.361,0.708,0.181,0.569,2.111,6.389,2.39,2024-25
1629234,61,12.23,1.885,3.18,0.507,0.049,0.098,0.049,0.77,1.164,0.291,0.984,2.721,3.705,0.885,0.197,0.639,0.672,1.033,4.59,1.317,2024-25
1629312,74,24.568,2.419,5.284,0.393,1.203,3.149,0.318,0.419,0.581,0.159,0.973,2.432,3.405,1.514,0.919,0.5,0.73,2.216,6.459,2.074,2024-25
1629599,72,24.278,3.333,7.083,0.438,1.403,3.431,0.357,1.597,1.792,0.561,0.444,1.792,2.236,1.069,0.556,0.097,0.625,1.667,9.667,1.711,2024-25
1629610,47,22.766,2.511,6.191,0.359,1.17,3.489,0.292,0.511,0.638,0.229,0.787,2.085,2.872,1.128,0.553,0.532,0.745,2.106,6.702,1.514,2024-25
1629611,67,21.119,3.06,6.164,0.47,0.896,2.433,0.34,0.701,1.015,0.276,1.015,1.955,2.97,1.806,0.701,0.224,0.701,1.91,7.716,2.574,2024-25
1629614,65,28.969,3.8,8.292,0.469,0.785,2.692,0.28,1.662,2.092,0.526,0.523,2.8,3.323,5.015,1.215,0.169,1.723,2.292,10.046,2.911,2024-25
1629618,49,13.531,1.571,3.673,0.378,0.816,2.061,0.279,0.122,0.163,0.082,0.306,1.143,1.449,2.184,0.388,0.102,0.49,0.776,4.082,4.458,2024-25
1629622,50,25.46,3.3,7.46,0.43,2.26,5.86,0.357,0.56,0.68,0.24,1.06,3.28,4.34,3.16,0.52,0.24,1.08,2.08,9.42,2.926,2024-25
1629626,36,12.5,2.667,5.083,0.495,0.889,2.583,0.223,0.556,0.722,0.218,0.556,2.333,2.889,0.611,0.25,0.694,0.556,0.556,6.778,1.1,2024-25
1629627,30,28.533,9.6,16.933,0.558,0.1,0.433,0.067,5.267,8.033,0.615,2.533,4.667,7.2,5.3,1.233,0.9,3.0,2.733,24.567,1.767,2024-25
1629628,58,32.207,7.931,16.931,0.471,1.845,5.276,0.362,3.379,5.362,0.543,1.052,5.259,6.31,5.414,0.793,0.293,2.845,2.362,21.086,1.903,2024-25
1629629,33,17.848,1.152,2.848,0.354,0.394,1.424,0.22,0.485,0.788,0.2,0.515,1.485,2.0,0.667,1.0,0.303,0.364,1.303,3.182,1.833,2024-25
1629630,50,30.3,8.08,17.78,0.459,1.76,5.7,0.3,5.26,6.38,0.801,0.68,3.42,4.1,7.28,1.22,0.24,3.7,2.26,23.18,1.968,2024-25
1629631,64,27.219,5.594,11.906,0.472,2.453,6.062,0.401,3.359,3.969,0.722,0.688,3.344,4.031,1.438,0.781,0.203,1.281,2.422,17.0,1.122,2024-25
1629632,74,33.095,6.865,15.149,0.446,2.919,7.892,0.364,3.743,4.149,0.813,0.338,3.351,3.689,4.459,0.932,0.216,2.392,2.081,20.392,1.864,2024-25
1629634,64,18.891,3.688,5.938,0.589,0.016,0.266,0.004,0.953,1.359,0.338,1.984,3.109,5.094,1.031,0.812,0.562,0.641,2.266,8.344,1.61,2024-25
1629636,75,30.667,7.387,15.653,0.476,2.827,7.053,0.401,2.987,3.4,0.729,0.627,2.227,2.853,6.747,1.213,0.147,2.52,1.907,20.587,2.677,2024-25
1629637,56,19.518,2.875,3.982,0.702,0.0,0.054,0.0,1.089,1.75,0.42,1.393,3.411,4.804,1.036,0.554,0.911,0.768,2.429,6.839,1.349,2024-25
1629638,82,25.293,3.293,7.512,0.44,1.72,4.512,0.389,1.122,1.439,0.448,0.659,2.573,3.232,2.72,0.61,0.415,1.207,1.695,9.427,2.253,2024-25
1629639,77,35.403,8.455,17.896,0.477,3.26,8.701,0.374,3.727,4.247,0.803,0.455,4.727,5.182,5.506,0.896,0.221,2.571,1.104,23.896,2.141,2024-25
1629640,77,23.779,4.818,10.0,0.47,1.13,3.558,0.292,1.948,2.519,0.576,1.455,3.364,4.818,1.623,0.636,0.286,1.0,1.494,12.714,1.623,2024-25
1629643,9,21.778,2.222,4.444,0.456,1.222,3.111,0.285,0.222,0.333,0.074,2.333,2.889,5.222,1.667,0.556,0.444,0.333,0.556,5.889,5.0,2024-25
1629645,75,19.76,3.907,8.693,0.439,0.733,2.36,0.242,1.733,2.253,0.458,0.56,3.147,3.707,3.413,1.08,0.173,1.813,1.587,10.28,1.882,2024-25
1629646,36,10.472,1.889,3.25,0.473,0.0,0.0,0.0,0.583,0.917,0.229,1.556,2.667,4.222,0.472,0.389,0.833,0.639,1.389,4.361,0.739,2024-25
1629650,13,9.231,2.615,3.769,0.413,0.0,0.0,0.0,0.615,0.846,0.251,0.923,2.462,3.385,0.154,0.462,0.308,0.846,1.308,5.846,0.182,2024-25
1629651,70,26.929,4.571,8.114,0.567,0.071,0.3,0.057,1.129,2.2,0.321,2.243,5.114,7.357,2.243,0.886,1.429,1.243,2.143,10.343,1.805,2024-25
1629652,71,29.254,3.634,8.352,0.418,2.394,5.817,0.376,0.465,0.648,0.205,1.254,2.873,4.127,1.62,1.113,0.549,0.718,2.93,10.127,2.255,2024-25
1629655,57,21.596,4.965,7.07,0.692,0.0,0.0,0.0,2.368,3.439,0.611,2.719,4.088,6.807,1.404,0.404,1.789,1.158,2.667,12.298,1.212,2024-25
1629656,75,26.867,5.12,10.973,0.427,2.16,5.613,0.335,2.16,2.853,0.528,0.787,3.533,4.32,3.04,0.987,0.293,1.88,1.84,14.56,1.617,2024-25
1629659,58,12.448,2.293,5.017,0.325,0.707,2.103,0.209,1.241,1.69,0.343,0.328,1.397,1.724,1.431,0.362,0.19,0.69,1.017,6.534,2.075,2024-25
1629660,70,19.857,4.557,8.829,0.514,1.586,3.614,0.379,1.843,2.114,0.615,0.714,1.757,2.471,3.386,1.114,0.043,1.314,1.457,12.543,2.576,2024-25
1629661,57,31.579,6.228,13.105,0.478,2.789,7.158,0.402,3.526,3.947,0.773,0.947,3.386,4.333,3.404,0.93,0.439,1.737,1.825,18.772,1.96,2024-25
1629669,8,21.0,3.25,9.125,0.319,1.0,3.375,0.317,0.875,1.375,0.5,0.75,1.75,2.5,2.25,0.125,0.5,1.0,1.125,8.375,2.25,2024-25
1629673,68,29.471,6.721,15.544,0.42,3.456,9.147,0.367,3.559,4.029,0.766,0.456,2.529,2.985,4.456,1.265,0.397,3.0,2.956,20.456,1.485,2024-25
1629674,62,13.919,2.129,3.274,0.54,0.0,0.048,0.0,0.742,0.984,0.312,1.435,2.371,3.806,0.726,0.29,0.677,0.645,1.71,5.0,1.125,2024-25
1629675,80,27.562,5.325,11.538,0.454,2.188,5.775,0.356,1.388,1.788,0.506,1.15,4.85,6.0,2.262,0.725,0.9,1.35,2.362,14.225,1.676,2024-25
1629684,16,29.938,3.375,7.688,0.44,1.688,4.625,0.363,1.938,2.312,0.578,1.125,4.0,5.125,2.312,1.125,0.812,1.75,2.875,10.375,1.321,2024-25
1629723,46,12.13,0.891,1.978,0.368,0.5,1.348,0.29,0.152,0.174,0.098,0.804,2.478,3.283,0.913,0.652,0.304,0.348,0.696,2.435,2.625,2024-25
1629726,47,17.702,2.17,5.468,0.349,1.809,4.638,0.345,1.362,1.66,0.447,0.277,1.574,1.851,1.277,0.553,0.319,0.66,1.723,7.511,1.935,2024-25
1629731,59,21.271,1.898,4.593,0.43,1.356,3.763,0.364,0.271,0.508,0.15,0.864,3.356,4.22,1.288,0.712,0.339,0.373,1.712,5.424,3.455,2024-25
1629750,68,18.485,1.809,4.221,0.405,0.676,2.074,0.291,0.809,1.118,0.334,0.868,2.338,3.206,0.824,0.956,0.456,0.471,1.441,5.103,1.75,2024-25
1630162,79,36.304,9.127,20.405,0.447,4.051,10.266,0.388,5.253,6.278,0.784,0.772,4.924,5.696,4.544,1.152,0.646,3.152,1.899,27.557,1.442,2024-25
1630163,47,32.021,8.638,21.34,0.4,3.809,11.234,0.342,4.106,4.872,0.766,1.0,3.936,4.936,7.362,1.149,0.277,3.553,3.34,25.191,2.072,2024-25
1630164,1,5.0,2.0,4.0,0.5,0.0,1.0,0.0,2.0,2.0,1.0,0.0,1.0,1.0,0.0,0.0,0.0,0.0,0.0,6.0,0.0,2024-25
1630166,72,30.014,5.583,11.722,0.462,1.736,4.75,0.338,4.028,5.167,0.739,1.528,5.722,7.25,3.903,0.986,0.486,2.722,2.375,16.931,1.434,2024-25
1630167,79,19.57,4.013,7.582,0.514,1.392,3.81,0.302,1.127,1.443,0.406,0.709,3.316,4.025,1.62,0.582,0.354,0.861,1.367,10.544,1.882,2024-25
1630168,74,27.838,5.243,9.243,0.559,0.649,2.0,0.235,2.216,2.919,0.538,2.973,5.946,8.919,2.27,0.932,0.919,1.216,2.608,13.351,1.867,2024-25
1630169,73,33.603,6.521,13.781,0.454,2.986,7.699,0.365,2.589,3.041,0.657,0.575,2.959,3.534,9.219,1.438,0.671,1.644,1.26,18.616,5.608,2024-25
1630170,64,31.0,6.156,13.891,0.434,2.469,6.703,0.356,1.484,1.875,0.525,0.531,3.453,3.984,2.859,1.312,0.516,1.375,1.688,16.266,2.08,2024-25
1630171,55,19.2,2.255,4.855,0.474,1.018,2.745,0.342,0.6,0.836,0.25,0.891,1.473,2.364,1.236,0.582,0.291,0.418,1.891,6.127,2.957,2024-25
1630172,63,24.984,3.254,8.19,0.392,1.524,4.317,0.329,0.952,1.317,0.394,0.683,3.079,3.762,1.968,0.762,0.508,1.365,1.397,8.984,1.442,2024-25
1630173,57,20.491,2.877,5.737,0.499,0.175,0.632,0.11,0.719,1.211,0.321,1.772,3.789,5.561,0.965,0.825,0.737,0.789,1.421,6.649,1.222,2024-25
1630174,45,24.956,4.267,8.422,0.487,1.867,4.333,0.43,1.622,1.778,0.523,0.822,3.133,3.956,1.2,0.778,0.378,0.822,2.533,12.022,1.459,2024-25
1630175,67,18.418,3.433,8.104,0.401,1.149,3.254,0.326,1.388,1.687,0.448,0.687,2.358,3.045,2.851,0.672,0.478,1.537,2.254,9.403,1.854,2024-25
1630178,52,37.75,9.173,20.981,0.427,3.096,9.192,0.326,4.885,5.558,0.87,0.288,3.058,3.346,6.096,1.75,0.404,2.385,2.231,26.327,2.556,2024-25
1630182,68,27.794,2.647,6.191,0.402,1.426,3.647,0.338,0.721,1.059,0.321,0.824,1.706,2.529,1.588,1.088,0.221,1.029,2.426,7.441,1.543,2024-25
1630183,82,31.939,4.854,10.171,0.47,1.22,3.695,0.342,1.268,1.561,0.405,1.573,4.159,5.732,1.988,1.341,0.902,1.159,2.744,12.195,1.716,2024-25
1630188,64,15.109,2.969,6.375,0.456,1.125,3.469,0.296,1.125,1.391,0.395,1.391,4.188,5.578,1.016,0.266,0.688,0.578,1.484,8.188,1.757,2024-25
1630191,72,19.903,2.444,4.375,0.532,0.236,0.736,0.15,0.917,1.208,0.351,1.806,3.736,5.542,1.708,0.389,1.403,0.944,2.542,6.042,1.809,2024-25
1630192,57,10.684,1.228,2.474,0.397,0.298,0.912,0.156,0.474,0.772,0.187,0.579,1.0,1.579,0.404,0.439,0.667,0.246,1.088,3.228,1.643,2024-25
1630193,33,27.727,5.576,13.273,0.435,2.576,6.818,0.377,3.364,3.879,0.769,0.485,3.061,3.545,5.788,0.697,0.121,1.758,1.848,17.091,3.293,2024-25
1630194,45,9.756,1.6,3.156,0.432,0.178,0.622,0.163,0.711,0.933,0.283,0.889,1.844,2.733,0.978,0.867,0.556,0.578,1.667,4.089,1.692,2024-25
1630198,74,21.703,3.5,7.946,0.412,2.595,6.297,0.383,0.622,0.757,0.268,0.554,2.095,2.649,1.608,0.649,0.122,0.514,1.527,10.216,3.132,2024-25
1630200,46,19.652,2.783,5.174,0.51,0.413,1.043,0.257,1.196,1.457,0.419,0.674,1.848,2.522,4.174,0.804,0.217,0.761,1.196,7.174,5.486,2024-25
1630202,80,28.438,5.112,10.825,0.451,3.188,7.825,0.385,0.888,1.05,0.324,1.275,2.562,3.838,3.488,0.875,0.175,1.038,1.475,14.3,3.361,2024-25
1630208,57,22.035,3.596,6.088,0.539,0.0,0.035,0.0,2.088,2.807,0.539,2.596,5.579,8.175,0.86,0.246,0.965,1.421,2.474,9.281,0.605,2024-25
1630214,33,7.0,0.394,1.606,0.164,0.152,0.97,0.061,0.091,0.121,0.045,0.303,1.0,1.303,0.212,0.333,0.152,0.424,0.545,1.03,0.5,2024-25
1630215,60,17.417,3.383,7.55,0.434,1.0,2.817,0.258,1.25,1.517,0.494,0.417,1.417,1.833,3.667,0.7,0.217,1.333,1.617,9.017,2.75,2024-25
1630217,69,31.928,7.145,14.754,0.475,2.377,6.058,0.38,2.565,2.87,0.7,0.899,5.159,6.058,5.348,1.159,0.406,2.449,2.377,19.232,2.183,2024-25
1630222,10,4.6,0.9,1.8,0.291,0.1,0.8,0.033,0.4,0.5,0.25,0.2,0.7,0.9,1.1,0.0,0.1,0.1,0.3,2.3,11.0,2024-25
1630224,82,32.902,7.415,17.524,0.41,2.854,8.061,0.332,3.329,4.098,0.683,0.549,4.049,4.598,3.439,0.866,0.329,2.476,1.549,21.012,1.389,2024-25
1630227,3,4.667,0.0,0.333,0.0,0.0,0.333,0.0,0.333,0.667,0.167,0.0,1.333,1.333,1.0,0.0,0.0,1.333,0.333,0.333,0.75,2024-25
1630228,47,24.319,5.489,12.085,0.446,0.979,3.213,0.251,3.34,5.0,0.563,1.191,3.426,4.617,2.213,0.809,0.447,1.511,1.915,15.298,1.465,2024-25
1630230,69,27.783,5.246,10.319,0.489,0.87,3.159,0.233,1.884,2.319,0.561,1.101,3.652,4.754,3.014,1.014,0.159,1.623,1.58,13.246,1.857,2024-25
1630231,43,21.116,2.581,4.674,0.506,0.349,1.349,0.164,0.86,1.093,0.457,0.698,2.209,2.907,1.116,0.395,0.512,0.558,2.349,6.372,2.0,2024-25
1630241,71,19.803,2.423,5.972,0.388,1.93,5.183,0.35,0.394,0.408,0.176,0.535,1.676,2.211,1.521,0.746,0.197,0.493,1.746,7.169,3.086,2024-25
1630243,31,13.871,1.806,4.742,0.275,0.71,2.484,0.219,0.581,0.677,0.25,0.839,0.903,1.742,1.226,1.0,0.323,0.71,1.226,4.903,1.727,2024-25
1630245,46,30.283,4.804,9.761,0.496,1.348,4.109,0.327,1.348,1.717,0.444,0.565,2.935,3.5,4.522,0.935,0.391,1.5,2.283,12.304,3.014,2024-25
1630249,57,20.228,2.544,5.123,0.459,1.579,3.614,0.378,0.561,0.789,0.295,0.386,2.351,2.737,2.579,0.632,0.456,0.877,1.842,7.228,2.94,2024-25
1630256,52,11.346,1.346,2.846,0.346,0.308,0.885,0.138,0.615,0.904,0.254,0.962,1.288,2.25,0.904,0.5,0.135,0.423,1.577,3.615,2.136,2024-25
1630264,51,7.784,0.843,1.725,0.324,0.196,0.608,0.142,0.647,0.98,0.198,0.353,0.941,1.294,0.314,0.176,0.039,0.196,0.588,2.529,1.6,2024-25
1630283,11,11.455,1.273,2.0,0.439,0.0,0.0,0.0,0.545,0.909,0.273,1.091,2.455,3.545,0.455,0.091,0.273,0.364,1.364,3.091,1.25,2024-25
1630288,41,15.195,2.732,5.61,0.39,0.683,1.707,0.238,0.805,1.098,0.265,0.293,1.171,1.463,1.902,0.585,0.293,0.366,0.707,6.951,5.2,2024-25
1630311,39,6.385,1.051,2.59,0.265,0.128,0.564,0.047,0.282,0.385,0.141,0.385,0.795,1.179,1.231,0.359,0.077,0.462,0.513,2.513,2.667,2024-25
1630314,33,14.758,2.97,5.697,0.41,0.727,1.818,0.275,1.667,2.0,0.503,0.364,1.394,1.758,2.303,0.727,0.152,1.182,1.0,8.333,1.949,2024-25
1630322,52,14.981,1.769,4.788,0.342,1.231,3.577,0.332,0.154,0.212,0.08,0.385,1.731,2.115,1.0,0.519,0.212,0.385,1.192,4.923,2.6,2024-25
1630346,19,3.579,0.526,1.632,0.17,0.316,1.0,0.126,0.105,0.105,0.053,0.0,0.421,0.421,0.158,0.105,0.0,0.158,0.053,1.474,1.0,2024-25
1630526,66,18.803,2.394,5.258,0.438,0.848,2.485,0.298,0.697,0.833,0.279,1.667,3.106,4.773,1.333,0.591,0.106,0.773,1.197,6.333,1.725,2024-25
1630527,42,23.667,3.952,9.071,0.412,1.167,3.333,0.324,1.595,2.024,0.518,0.667,2.524,3.19,2.19,1.262,0.214,1.238,1.738,10.667,1.769,2024-25
1630528,14,5.0,0.786,2.214,0.192,0.143,0.786,0.086,0.286,0.429,0.143,0.0,0.643,0.643,0.571,0.357,0.214,0.429,0.143,2.0,1.333,2024-25
1630529,20,32.45,3.75,8.6,0.434,1.1,3.6,0.261,1.65,2.0,0.493,1.1,2.8,3.9,3.25,1.85,0.45,1.75,3.3,10.25,1.857,2024-25
1630530,53,35.019,7.189,15.83,0.447,2.981,8.264,0.351,3.849,4.34,0.838,0.887,4.17,5.057,3.547,1.057,0.736,1.943,2.113,21.208,1.825,2024-25
1630531,43,8.512,0.814,2.093,0.252,0.279,1.116,0.128,0.628,0.884,0.267,0.395,0.953,1.349,0.767,0.558,0.093,0.372,0.977,2.535,2.062,2024-25
1630532,60,33.733,8.95,19.35,0.464,1.733,5.867,0.266,4.517,5.183,0.807,0.933,4.767,5.7,4.733,1.25,0.35,2.3,2.45,24.15,2.058,2024-25
1630533,63,24.508,3.397,8.254,0.39,1.635,4.794,0.312,1.603,1.952,0.575,0.968,3.587,4.556,1.333,0.984,0.444,1.063,2.365,10.032,1.254,2024-25
1630534,64,27.234,4.156,8.344,0.512,1.578,3.953,0.375,0.531,0.75,0.216,0.953,2.828,3.781,1.531,0.906,0.469,0.844,1.953,10.422,1.815,2024-25
1630537,16,4.5,0.75,1.562,0.41,0.375,0.875,0.312,0.375,0.5,0.104,0.312,0.938,1.25,0.5,0.0,0.0,0.062,0.438,2.25,8.0,2024-25
1630538,24,9.958,1.958,4.917,0.367,1.333,3.417,0.311,0.958,1.083,0.413,0.208,0.833,1.042,1.333,0.75,0.167,1.042,1.208,6.208,1.28,2024-25
1630539,40,11.7,2.175,2.725,0.558,0.025,0.125,0.012,0.575,0.8,0.242,1.0,2.125,3.125,0.625,0.375,0.575,0.45,1.25,4.95,1.389,2024-25
1630540,64,24.953,3.469,8.547,0.402,1.797,4.875,0.348,0.812,1.0,0.328,0.734,1.781,2.516,2.922,1.047,0.266,0.641,1.688,9.547,4.561,2024-25
1630541,74,22.324,3.324,7.676,0.427,1.703,4.554,0.36,1.432,1.797,0.479,0.703,1.851,2.554,1.297,0.797,0.419,0.73,1.568,9.784,1.778,2024-25
1630543,5,16.8,2.8,4.6,0.737,0.0,0.0,0.0,1.4,2.8,0.3,2.2,3.4,5.6,1.0,0.6,1.6,1.0,2.8,7.0,1.0,2024-25
1630544,13,24.538,5.385,12.385,0.419,1.846,4.615,0.346,1.462,1.615,0.615,0.923,2.0,2.923,3.0,0.538,0.308,1.923,1.846,14.077,1.56,2024-25
1630545,32,10.625,1.719,3.562,0.369,0.344,0.969,0.157,0.531,0.656,0.172,0.312,1.156,1.469,1.0,0.219,0.156,0.469,0.844,4.312,2.133,2024-25
1630548,64,19.781,3.188,7.422,0.404,1.844,4.906,0.337,0.703,0.828,0.281,0.656,2.219,2.875,1.062,0.609,0.125,0.562,1.969,8.922,1.889,2024-25
1630549,50,18.12,3.3,6.34,0.505,0.22,0.9,0.145,1.12,1.48,0.404,2.98,3.62,6.6,1.82,0.82,0.84,1.26,2.26,7.94,1.444,2024-25
1630550,20,12.4,1.25,2.95,0.393,0.3,1.05,0.2,0.75,1.1,0.288,1.0,1.4,2.4,0.3,0.4,0.45,0.45,0.85,3.55,0.667,2024-25
1630551,62,21.597,3.387,6.629,0.417,1.194,3.113,0.305,0.806,1.177,0.324,1.806,3.855,5.661,0.968,1.048,0.629,0.871,1.774,8.774,1.111,2024-25
1630552,36,35.694,7.528,15.056,0.498,1.222,3.917,0.292,2.611,3.5,0.622,1.722,8.25,9.972,5.028,1.556,1.0,2.944,1.861,18.889,1.708,2024-25
1630553,79,24.38,3.835,9.861,0.372,1.595,5.076,0.295,1.354,1.759,0.444,0.797,2.962,3.759,2.215,1.038,0.38,1.468,2.646,10.62,1.509,2024-25
1630556,40,15.275,1.675,3.375,0.332,0.55,1.35,0.191,0.3,0.325,0.138,0.55,2.325,2.875,1.05,0.475,0.5,0.4,1.55,4.2,2.625,2024-25
1630557,61,26.246,4.18,9.262,0.437,1.967,5.41,0.327,1.23,1.443,0.425,0.59,2.377,2.967,1.689,0.426,0.23,1.049,1.607,11.557,1.609,2024-25
1630558,74,27.378,3.014,6.432,0.442,1.135,2.851,0.396,0.784,1.135,0.34,0.473,1.784,2.257,4.905,0.973,0.216,1.73,2.5,7.946,2.836,2024-25
1630559,73,34.945,6.534,14.205,0.46,2.74,7.274,0.375,4.397,5.014,0.778,0.836,3.671,4.507,5.767,1.11,0.301,2.425,2.068,20.205,2.379,2024-25
1630560,25,31.28,7.96,18.16,0.436,2.72,7.8,0.338,5.32,6.04,0.897,0.6,2.72,3.32,3.76,0.6,0.08,2.48,1.76,23.96,1.516,2024-25
1630561,6,5.5,1.0,2.333,0.375,0.5,1.0,0.25,0.167,0.333,0.083,0.167,0.667,0.833,0.667,0.167,0.0,0.333,0.167,2.667,2.0,2024-25
1630567,65,32.862,7.292,16.354,0.445,1.169,4.308,0.271,3.508,4.646,0.693,1.677,6.046,7.723,5.815,1.431,0.969,2.846,1.738,19.262,2.043,2024-25
1630568,39,5.667,1.333,2.692,0.418,0.256,0.923,0.162,0.615,0.897,0.254,0.795,0.59,1.385,0.282,0.154,0.077,0.308,0.744,3.538,0.917,2024-25
1630570,44,20.705,3.727,7.955,0.446,0.659,2.0,0.267,2.114,2.773,0.529,0.841,2.795,3.636,2.614,0.614,0.273,1.886,2.159,10.227,1.386,2024-25
1630572,61,11.164,2.311,4.607,0.448,0.984,2.639,0.318,0.705,0.951,0.277,1.016,2.049,3.066,0.787,0.361,0.279,0.426,0.984,6.311,1.846,2024-25
1630573,71,21.704,3.014,6.676,0.439,2.338,5.62,0.406,0.155,0.155,0.085,0.62,2.535,3.155,0.901,0.577,0.183,0.324,1.225,8.521,2.783,2024-25
1630574,25,8.64,0.84,1.24,0.336,0.0,0.0,0.0,0.24,0.52,0.12,0.56,1.48,2.04,0.44,0.04,0.6,0.84,1.28,1.92,0.524,2024-25
1630577,82,23.573,3.366,8.11,0.399,2.171,5.854,0.348,1.037,1.146,0.398,0.817,3.061,3.878,1.354,0.744,0.427,0.902,1.39,9.939,1.5,2024-25
1630578,76,31.566,7.461,15.039,0.489,0.276,1.184,0.173,3.895,5.632,0.654,3.447,6.895,10.342,4.895,1.105,0.803,2.553,2.75,19.092,1.918,2024-25
1630579,53,11.906,0.849,1.34,0.376,0.0,0.0,0.0,0.151,0.245,0.075,1.34,2.377,3.717,0.623,0.189,0.358,0.623,1.226,1.849,1.0,2024-25
1630581,70,30.229,5.3,11.4,0.463,1.5,3.971,0.387,2.5,3.2,0.573,1.814,6.271,8.086,7.186,1.2,0.643,2.886,1.743,14.6,2.49,2024-25
1630583,65,25.508,4.815,9.969,0.471,1.846,5.015,0.354,1.0,1.446,0.345,1.446,4.954,6.4,2.892,0.8,0.446,1.092,1.169,12.477,2.648,2024-25
1630590,79,21.278,3.608,7.519,0.467,1.101,2.772,0.314,1.544,2.165,0.5,0.823,2.456,3.278,4.392,1.304,0.38,1.747,2.57,9.861,2.514,2024-25
1630591,35,28.686,5.629,13.743,0.407,2.171,6.914,0.305,2.771,3.143,0.644,0.657,3.371,4.029,3.686,1.457,0.943,2.914,2.8,16.2,1.265,2024-25
1630592,79,25.722,3.114,7.848,0.408,1.544,4.582,0.328,1.709,2.089,0.518,0.949,2.468,3.418,1.835,0.506,0.063,1.0,2.076,9.481,1.835,2024-25
1630595,70,35.029,9.771,20.814,0.474,2.129,5.971,0.35,4.471,5.286,0.777,0.8,5.271,6.071,9.114,1.014,0.757,4.414,2.786,26.143,2.065,2024-25
1630596,71,30.563,7.113,12.761,0.549,1.197,3.239,0.323,3.113,4.296,0.719,2.31,6.972,9.282,3.183,0.859,1.592,2.042,1.986,18.535,1.559,2024-25
1630598,76,22.987,4.671,9.579,0.472,1.711,4.461,0.362,0.974,1.171,0.313,1.066,2.816,3.882,1.763,0.789,0.237,0.908,1.329,12.026,1.942,2024-25
1630604,12,4.417,0.667,1.25,0.215,0.25,0.833,0.097,0.167,0.167,0.083,0.25,0.5,0.75,0.25,0.083,0.083,0.167,0.917,1.75,1.5,2024-25
1630611,56,13.643,1.464,3.196,0.328,0.607,1.839,0.221,0.518,0.75,0.235,1.286,1.786,3.071,1.429,0.446,0.179,0.75,1.625,4.054,1.905,2024-25
1630618,4,8.25,0.25,1.75,0.125,0.0,0.75,0.0,0.25,0.25,0.25,0.0,1.0,1.0,0.75,0.5,0.0,1.0,0.25,0.75,0.75,2024-25
1630625,67,16.731,2.955,7.567,0.345,1.075,3.313,0.238,1.358,1.866,0.397,0.448,1.567,2.015,2.388,0.642,0.507,1.284,0.866,8.343,1.86,2024-25
1630631,56,24.393,3.643,9.304,0.381,1.982,5.518,0.334,1.071,1.321,0.417,0.482,1.946,2.429,4.625,1.321,0.25,1.536,1.625,10.339,3.012,2024-25
1630639,26,18.654,3.077,7.308,0.413,1.269,3.885,0.304,1.654,2.423,0.371,0.769,2.538,3.308,1.192,0.5,0.231,0.577,1.692,9.077,2.067,2024-25
1630643,64,11.719,2.453,4.766,0.403,1.266,3.125,0.293,0.688,0.875,0.259,0.469,1.547,2.016,0.594,0.25,0.875,0.531,1.219,6.859,1.118,2024-25
1630644,2,5.0,0.0,1.0,0.0,0.0,0.5,0.0,0.0,0.0,0.0,0.0,0.5,0.5,1.5,0.0,0.0,0.0,1.0,0.0,1500.0,2024-25
1630649,22,3.955,0.227,1.182,0.174,0.136,0.682,0.136,0.091,0.182,0.045,0.182,0.591,0.773,0.182,0.136,0.273,0.136,0.364,0.682,1.333,2024-25
1630658,26,16.538,1.769,3.769,0.327,0.077,0.615,0.051,1.115,1.462,0.393,2.038,2.654,4.692,1.077,0.308,0.385,0.885,1.962,4.731,1.217,2024-25
1630695,38,18.526,1.5,3.553,0.401,0.816,2.579,0.279,0.447,0.526,0.23,1.132,3.184,4.316,0.816,0.368,0.368,0.816,1.316,4.263,1.0,2024-25
1630696,14,19.143,2.214,4.357,0.438,1.143,2.143,0.387,0.643,0.857,0.173,0.857,1.714,2.571,1.643,1.5,0.429,1.214,2.143,6.214,1.353,2024-25
1630699,35,4.571,0.771,1.857,0.325,0.286,0.829,0.229,0.429,0.571,0.2,0.314,0.943,1.257,0.314,0.114,0.029,0.429,0.4,2.257,0.733,2024-25
1630700,76,33.855,5.987,12.145,0.497,1.053,3.092,0.345,1.092,1.842,0.35,1.632,4.276,5.908,4.382,3.013,0.724,2.039,2.303,14.118,2.148,2024-25
1630702,57,15.895,3.158,7.263,0.372,1.333,3.456,0.299,1.053,1.509,0.375,0.158,1.404,1.561,1.421,0.491,0.088,1.439,1.579,8.702,0.988,2024-25
1630703,66,26.667,4.348,10.379,0.406,1.591,4.5,0.34,2.394,3.121,0.575,0.788,2.212,3.0,5.076,1.03,0.197,2.682,2.742,12.682,1.893,2024-25
1630811,31,16.194,2.097,5.226,0.372,0.871,2.645,0.239,0.355,0.355,0.161,0.226,1.387,1.613,2.613,0.903,0.29,1.065,1.258,5.419,2.455,2024-25
1631093,30,29.967,6.333,13.767,0.464,2.1,5.133,0.4,2.833,3.867,0.692,1.333,2.8,4.133,3.967,0.933,0.367,2.967,2.233,17.6,1.337,2024-25
1631094,46,34.37,8.957,19.804,0.447,1.891,5.913,0.305,6.087,8.37,0.705,1.109,6.391,7.5,4.761,0.783,0.609,2.957,2.109,25.891,1.61,2024-25
1631095,57,30.088,4.351,9.93,0.434,1.719,4.86,0.336,1.825,2.211,0.53,1.842,5.158,7.0,1.053,0.439,0.719,1.07,2.158,12.246,0.984,2024-25
1631096,32,27.438,5.219,10.656,0.47,1.375,3.625,0.365,3.156,4.188,0.606,1.5,6.531,8.031,1.969,0.719,2.219,1.75,2.25,14.969,1.125,2024-25
1631097,72,29.861,5.431,11.847,0.457,1.361,4.0,0.342,3.833,4.611,0.739,1.208,4.111,5.319,1.889,0.653,0.333,1.875,2.25,16.056,1.007,2024-25
1631098,34,7.059,0.941,2.294,0.342,0.206,0.853,0.129,0.265,0.441,0.125,0.294,0.824,1.118,0.324,0.441,0.176,0.206,0.529,2.353,1.571,2024-25
1631099,76,34.289,4.789,10.789,0.433,2.026,5.908,0.322,0.789,0.947,0.349,1.921,4.75,6.671,1.434,0.803,0.908,0.789,2.447,12.395,1.817,2024-25
1631101,72,31.222,6.931,15.333,0.446,2.042,6.556,0.308,2.639,3.361,0.659,0.944,3.556,4.5,2.75,0.861,0.222,2.083,1.667,18.542,1.32,2024-25
1631102,16,7.438,0.875,2.812,0.194,0.25,1.312,0.094,0.188,0.375,0.094,0.25,0.562,0.812,1.0,0.188,0.0,0.188,0.25,2.188,5.333,2024-25
1631103,47,9.128,1.851,4.043,0.372,0.723,1.787,0.311,0.574,0.702,0.234,0.149,0.936,1.085,0.809,0.234,0.043,0.723,0.617,5.0,1.118,2024-25
1631104,58,11.759,1.397,3.207,0.389,0.293,1.0,0.147,0.655,1.052,0.263,0.293,0.759,1.052,1.966,0.638,0.103,0.931,0.793,3.741,2.111,2024-25
1631105,78,26.115,4.846,7.0,0.685,0.0,0.0,0.0,2.077,3.103,0.564,3.551,6.795,10.346,2.679,0.692,1.141,1.744,3.218,11.769,1.537,2024-25
1631106,57,24.895,4.772,9.807,0.479,1.105,3.228,0.302,1.386,1.825,0.468,2.246,4.105,6.351,1.456,1.702,0.877,1.14,2.386,12.035,1.277,2024-25
1631107,46,25.217,3.739,8.196,0.451,1.696,4.565,0.344,1.565,1.891,0.522,0.565,3.348,3.913,2.848,0.826,0.283,1.304,1.783,10.739,2.183,2024-25
1631108,78,27.244,3.231,7.564,0.449,1.474,4.026,0.369,1.667,1.949,0.55,0.487,2.821,3.308,1.872,0.821,0.397,1.128,1.474,9.603,1.659,2024-25
1631109,44,26.568,6.136,10.159,0.603,0.0,0.091,0.0,2.977,3.705,0.671,3.0,7.159,10.159,2.477,0.727,1.227,1.614,2.386,15.25,1.535,2024-25
1631110,54,25.259,4.648,8.685,0.525,0.519,1.685,0.24,1.611,2.315,0.429,2.352,4.167,6.519,2.37,0.833,0.5,1.556,2.426,11.426,1.524,2024-25
1631111,36,13.944,1.639,3.5,0.371,0.389,1.139,0.225,0.5,0.611,0.211,0.833,1.806,2.639,1.167,0.556,0.139,0.75,0.861,4.167,1.556,2024-25
1631114,69,32.435,8.188,16.928,0.484,1.797,4.928,0.343,3.42,4.333,0.712,0.855,4.493,5.348,5.13,1.609,0.667,2.174,2.29,21.594,2.36,2024-25
1631115,44,17.523,2.636,5.932,0.424,0.386,1.182,0.214,1.227,1.591,0.435,2.023,2.977,5.0,1.75,0.386,0.364,1.114,2.273,6.886,1.571,2024-25
1631116,24,4.458,0.792,1.458,0.417,0.542,0.958,0.354,0.083,0.167,0.042,0.208,0.833,1.042,0.125,0.125,0.083,0.208,0.292,2.208,0.6,2024-25
1631117,58,30.052,4.793,7.224,0.694,0.103,0.586,0.042,1.362,2.621,0.379,4.586,7.603,12.19,1.672,0.621,2.379,1.483,2.241,11.052,1.128,2024-25
1631119,47,16.681,2.064,4.702,0.444,1.298,3.255,0.411,0.489,0.638,0.239,1.021,4.553,5.574,2.553,0.468,0.617,0.745,1.681,5.915,3.429,2024-25
1631120,16,5.875,0.75,2.125,0.335,0.25,1.125,0.177,0.312,0.438,0.125,0.125,0.688,0.812,0.812,0.312,0.062,0.812,0.125,2.062,1.0,2024-25
1631121,13,2.385,0.308,1.077,0.154,0.0,0.308,0.0,0.385,0.462,0.231,0.154,0.077,0.231,0.154,0.077,0.0,0.308,0.231,1.0,0.5,2024-25
1631124,65,21.308,3.231,7.477,0.408,1.446,4.138,0.304,1.138,1.385,0.45,0.262,1.923,2.185,1.277,0.6,0.246,0.877,2.323,9.046,1.456,2024-25
1631127,5,7.0,0.4,0.8,0.4,0.0,0.2,0.0,0.0,0.0,0.0,0.4,1.4,1.8,0.6,0.6,0.0,0.2,0.4,0.8,3.0,2024-25
1631128,79,33.873,6.025,10.392,0.581,1.127,2.835,0.343,2.241,2.709,0.662,1.241,3.949,5.19,2.595,1.076,0.468,1.025,2.152,15.418,2.531,2024-25
1631131,14,18.143,3.0,5.0,0.493,0.0,0.0,0.0,1.643,2.214,0.558,3.286,5.429,8.714,0.643,0.929,0.071,0.714,1.714,7.643,0.9,2024-25
1631132,37,9.27,1.081,1.784,0.46,0.0,0.108,0.0,0.27,0.378,0.135,0.946,1.541,2.486,0.432,0.216,0.432,0.324,1.189,2.432,1.333,2024-25
1631133,60,12.5,1.967,3.817,0.402,0.467,1.2,0.206,0.817,1.183,0.319,0.983,2.533,3.517,0.617,0.55,0.1,0.567,1.45,5.217,1.088,2024-25
1631157,56,14.589,2.357,4.839,0.421,0.875,2.143,0.3,0.643,0.804,0.298,0.375,1.554,1.929,1.857,0.75,0.304,0.946,1.571,6.232,1.962,2024-25
1631159,13,2.462,0.462,1.154,0.353,0.0,0.385,0.0,0.615,0.615,0.231,0.231,0.615,0.846,0.0,0.154,0.077,0.154,0.154,1.538,0.0,2024-25
1631165,80,24.35,2.838,5.8,0.475,1.738,4.012,0.399,0.912,1.075,0.348,0.75,1.9,2.65,1.5,1.512,0.788,0.888,2.2,8.325,1.69,2024-25
1631169,46,6.043,0.957,1.957,0.358,0.304,0.935,0.214,0.37,0.413,0.156,0.261,0.761,1.022,0.391,0.326,0.261,0.239,0.739,2.587,1.636,2024-25
1631170,66,20.803,3.227,7.0,0.432,0.561,1.803,0.231,1.621,2.152,0.399,1.273,3.121,4.394,2.515,0.924,0.212,1.485,1.227,8.636,1.694,2024-25
1631172,37,10.973,1.459,3.378,0.346,0.622,1.919,0.213,0.297,0.432,0.153,0.486,1.703,2.189,0.838,0.459,0.189,0.486,0.892,3.838,1.722,2024-25
1631197,14,16.286,3.0,6.214,0.385,0.857,2.786,0.193,1.571,1.786,0.458,1.0,2.0,3.0,1.143,0.714,0.143,0.643,1.429,8.429,1.778,2024-25
1631200,69,15.087,1.696,4.043,0.339,0.391,1.739,0.149,0.377,0.826,0.16,1.101,1.536,2.638,0.986,0.507,0.246,0.623,0.957,4.159,1.581,2024-25
1631204,57,14.193,2.404,5.193,0.41,1.018,2.667,0.312,0.754,0.895,0.295,0.316,0.895,1.211,2.333,0.649,0.07,0.947,1.263,6.579,2.463,2024-25
1631207,73,13.507,1.644,3.671,0.389,0.507,1.425,0.192,0.671,0.945,0.238,0.521,1.178,1.699,1.329,0.603,0.205,0.726,1.562,4.466,1.83,2024-25
1631209,20,13.25,2.05,5.25,0.39,0.65,1.65,0.396,1.25,1.7,0.383,0.7,0.9,1.6,1.4,0.55,0.0,0.9,1.05,6.0,1.556,2024-25
1631210,17,4.471,0.529,1.294,0.147,0.294,0.588,0.037,0.0,0.0,0.0,0.176,0.706,0.882,0.353,0.118,0.0,0.176,0.176,1.353,2.0,2024-25
1631212,68,24.368,3.0,6.294,0.451,0.706,2.0,0.268,1.397,2.015,0.436,0.691,2.735,3.426,1.382,0.706,1.368,0.824,1.809,8.103,1.679,2024-25
1631213,60,21.867,3.15,7.75,0.379,1.65,4.7,0.311,0.767,0.967,0.265,0.967,2.683,3.65,2.033,0.567,0.15,1.233,1.283,8.717,1.649,2024-25
1631214,1,4.0,2.0,2.0,1.0,1.0,1.0,1.0,0.0,0.0,0.0,0.0,0.0,0.0,1.0,0.0,0.0,0.0,0.0,5.0,1000.0,2024-25
1631216,58,13.569,1.379,3.276,0.319,1.103,2.759,0.262,0.259,0.293,0.121,0.328,0.966,1.293,0.603,0.379,0.103,0.224,1.069,4.121,2.692,2024-25
1631217,71,17.493,2.352,3.944,0.536,0.0,0.085,0.0,0.972,1.634,0.297,2.634,3.535,6.169,0.789,0.648,0.563,0.859,1.535,5.676,0.918,2024-25
1631218,62,15.597,2.806,4.871,0.52,0.0,0.048,0.0,0.952,1.645,0.351,1.968,3.048,5.016,1.677,0.371,0.613,0.726,1.177,6.565,2.311,2024-25
1631221,33,13.939,2.061,4.788,0.403,1.182,2.727,0.369,0.576,0.667,0.241,0.667,1.697,2.364,2.364,0.636,0.152,0.515,0.909,5.879,4.588,2024-25
1631222,66,20.455,2.424,5.106,0.456,0.909,2.152,0.345,1.182,1.742,0.385,1.364,2.561,3.924,2.394,0.939,0.348,1.303,2.0,6.939,1.837,2024-25
1631223,33,12.394,1.727,3.788,0.429,0.576,1.848,0.244,0.606,0.788,0.207,0.394,2.152,2.545,1.061,0.424,0.273,0.667,0.606,4.636,1.591,2024-25
1631230,35,10.743,1.714,3.229,0.395,0.2,0.771,0.171,0.6,0.943,0.174,1.0,1.429,2.429,0.543,0.257,0.457,0.143,1.343,4.229,3.8,2024-25
1631232,14,23.643,3.786,7.786,0.472,1.0,3.071,0.276,1.571,2.143,0.468,0.857,3.286,4.143,0.929,0.714,0.714,0.857,2.143,10.143,1.083,2024-25
1631243,33,16.121,2.182,5.182,0.41,0.636,2.455,0.263,0.97,1.273,0.359,1.333,2.879,4.212,0.818,0.848,1.0,0.455,1.667,5.97,1.8,2024-25
1631245,28,13.607,2.071,4.357,0.329,0.536,1.429,0.188,1.107,1.429,0.31,0.5,1.071,1.571,1.893,0.75,0.179,0.571,1.536,5.786,3.312,2024-25
1631246,27,18.481,2.481,6.185,0.397,0.963,3.519,0.295,0.704,0.889,0.261,0.815,2.815,3.63,2.037,0.444,0.259,1.222,1.667,6.63,1.667,2024-25
1631247,12,7.333,0.417,1.667,0.13,0.0,0.75,0.0,0.167,0.167,0.083,0.667,1.0,1.667,0.667,0.083,0.083,0.667,0.5,1.0,1.0,2024-25
1631248,31,12.419,1.258,3.548,0.229,0.839,2.645,0.184,0.29,0.387,0.145,0.613,1.484,2.097,1.065,0.548,0.065,0.387,0.71,3.645,2.75,2024-25
1631250,13,10.615,1.077,2.462,0.288,0.692,1.846,0.216,0.077,0.154,0.038,0.385,1.231,1.615,0.769,0.154,0.154,0.308,1.308,2.923,2.5,2024-25
1631255,42,18.857,3.214,5.595,0.514,0.5,1.571,0.19,0.81,1.048,0.399,1.524,3.452,4.976,1.095,0.524,0.976,1.024,2.524,7.738,1.07,2024-25
1631260,73,22.753,2.493,5.808,0.412,2.123,4.973,0.397,0.301,0.37,0.128,0.247,2.137,2.384,1.479,0.507,0.096,0.548,2.151,7.411,2.7,2024-25
1631288,37,13.568,1.838,4.27,0.323,0.703,2.162,0.246,0.919,1.351,0.286,0.73,1.568,2.297,0.595,0.622,0.243,0.595,1.243,5.297,1.0,2024-25
1631303,19,5.158,0.421,1.105,0.153,0.105,0.526,0.035,0.0,0.105,0.0,0.263,0.263,0.526,0.368,0.316,0.053,0.263,0.632,0.947,1.4,2024-25
1631306,10,17.0,2.2,6.3,0.308,1.5,4.7,0.284,0.0,0.1,0.0,0.5,2.2,2.7,0.3,0.4,0.2,0.4,1.2,5.9,0.75,2024-25
1631311,13,14.308,2.385,6.0,0.364,1.0,3.385,0.249,0.846,1.0,0.327,0.308,1.154,1.462,1.846,0.231,0.154,1.077,1.385,6.615,1.714,2024-25
1631321,22,5.182,0.591,1.364,0.218,0.136,0.591,0.091,0.136,0.409,0.091,0.364,0.591,0.955,0.682,0.091,0.045,0.5,0.455,1.455,1.364,2024-25
1631323,75,16.507,2.0,4.973,0.373,1.013,3.027,0.29,0.933,1.12,0.37,0.693,2.173,2.867,0.867,0.413,0.16,0.72,1.267,5.947,1.204,2024-25
1631342,6,11.667,2.667,4.167,0.41,1.5,2.833,0.294,0.333,0.333,0.167,0.667,1.167,1.833,0.333,0.0,0.0,0.667,1.667,7.167,0.5,2024-25
1631386,2,10.0,1.0,5.0,0.312,0.5,2.0,0.125,0.5,1.0,0.25,2.0,2.0,4.0,0.5,1.0,0.0,1.0,0.0,3.0,0.5,2024-25
1641705,46,33.174,8.87,18.63,0.467,3.087,8.761,0.339,3.435,4.109,0.741,1.783,9.217,11.0,3.652,1.13,3.826,3.239,2.283,24.261,1.128,2024-25
1641706,27,34.259,7.333,18.185,0.407,3.852,10.852,0.359,2.519,2.926,0.716,0.926,3.926,4.852,3.63,1.074,0.741,2.815,2.741,21.037,1.289,2024-25
1641707,3,25.0,1.333,6.0,0.19,1.0,4.0,0.2,1.0,1.333,0.5,1.667,3.333,5.0,0.667,1.667,1.333,0.667,2.667,4.667,1.0,2024-25
1641708,69,32.232,5.623,10.101,0.55,0.362,1.319,0.153,2.449,3.58,0.594,2.783,5.391,8.174,3.841,1.406,1.29,2.0,2.42,14.058,1.92,2024-25
1641709,59,22.525,4.169,7.797,0.53,0.186,0.831,0.116,1.542,2.407,0.48,1.881,3.254,5.136,2.271,1.661,0.678,1.356,2.78,10.068,1.675,2024-25
1641710,78,24.128,3.359,7.949,0.407,0.795,2.5,0.256,1.923,2.526,0.563,0.667,2.282,2.949,3.077,1.103,0.615,1.782,2.128,9.436,1.727,2024-25
1641711,54,29.463,4.907,11.981,0.4,2.111,6.037,0.347,2.463,2.87,0.674,0.815,2.759,3.574,1.815,0.889,0.185,1.537,2.222,14.389,1.181,2024-25
1641712,52,8.846,1.115,2.731,0.235,0.308,1.135,0.134,0.442,0.577,0.174,0.5,0.846,1.346,0.481,0.308,0.077,0.577,0.712,2.981,0.833,2024-25
1641713,29,15.828,2.552,6.862,0.357,1.103,3.276,0.318,1.0,1.379,0.343,0.931,2.241,3.172,1.0,0.414,0.172,1.069,1.034,7.207,0.935,2024-25
1641715,51,16.255,3.51,7.902,0.399,1.275,3.588,0.295,1.059,1.412,0.394,0.706,2.255,2.961,0.961,0.608,0.255,0.902,0.863,9.353,1.065,2024-25
1641716,75,15.867,2.267,4.8,0.448,1.0,2.467,0.303,0.613,0.92,0.246,0.333,2.72,3.053,1.467,0.72,0.333,1.04,1.533,6.147,1.41,2024-25
1641717,68,27.603,3.412,7.191,0.467,1.088,3.059,0.361,0.441,0.544,0.221,1.044,2.324,3.368,2.544,1.765,0.515,0.868,2.132,8.353,2.932,2024-25
1641718,67,31.433,5.358,13.716,0.391,2.597,7.567,0.328,3.478,4.254,0.685,0.388,3.388,3.776,5.627,0.687,0.134,2.731,1.657,16.791,2.06,2024-25
1641720,15,20.933,2.467,6.533,0.361,0.933,3.067,0.226,1.2,1.4,0.45,0.2,1.6,1.8,2.467,0.333,0.467,1.2,1.667,7.067,2.056,2024-25
1641721,28,11.679,1.607,3.857,0.283,0.679,1.786,0.267,0.25,0.357,0.125,0.643,1.321,1.964,0.679,0.321,0.25,0.5,1.036,4.143,1.357,2024-25
1641722,56,23.625,3.696,9.929,0.343,1.964,5.929,0.312,1.429,1.75,0.478,0.446,2.375,2.821,1.179,0.536,0.411,1.036,0.911,10.786,1.138,2024-25
1641723,10,12.3,1.8,4.7,0.416,0.4,1.9,0.145,1.3,1.8,0.45,0.5,1.6,2.1,1.7,0.3,0.2,0.8,0.9,5.3,2.125,2024-25
1641724,60,11.65,1.633,4.367,0.332,0.917,3.1,0.245,0.267,0.383,0.104,0.333,0.833,1.167,0.733,0.217,0.183,0.6,1.133,4.45,1.222,2024-25
1641725,24,4.833,0.542,1.708,0.209,0.125,0.708,0.049,0.125,0.167,0.062,0.042,0.458,0.5,0.458,0.083,0.042,0.208,0.417,1.333,2.2,2024-25
1641726,36,23.056,3.722,5.306,0.714,0.0,0.0,0.0,1.278,2.028,0.41,2.889,4.611,7.5,2.361,0.556,1.556,1.139,2.778,8.722,2.073,2024-25
1641727,20,12.3,1.95,4.8,0.271,1.65,3.7,0.289,0.15,0.25,0.067,0.2,1.25,1.45,0.6,0.3,0.05,0.75,1.1,5.7,0.8,2024-25
1641729,71,20.211,3.873,8.437,0.432,2.211,5.239,0.363,0.915,1.028,0.382,0.592,2.366,2.958,1.549,0.648,0.113,1.507,1.563,10.873,1.028,2024-25
1641730,46,22.717,2.891,8.087,0.349,1.891,5.674,0.29,1.457,1.739,0.488,0.935,3.0,3.935,0.87,0.522,0.457,1.0,2.283,9.13,0.87,2024-25
1641731,59,33.017,4.458,10.576,0.411,1.068,3.797,0.252,2.339,3.136,0.664,1.542,3.441,4.983,3.373,1.322,0.695,2.119,2.356,12.322,1.592,2024-25
1641732,39,13.231,1.513,3.308,0.332,0.41,1.256,0.176,0.59,0.897,0.194,0.538,1.692,2.231,1.128,0.667,0.333,0.59,0.949,4.026,1.913,2024-25
1641733,60,22.8,3.7,9.467,0.367,1.733,5.1,0.319,0.717,0.767,0.279,0.217,1.917,2.133,2.417,0.283,0.1,1.367,1.317,9.85,1.768,2024-25
1641734,10,7.5,1.3,3.8,0.201,1.1,3.0,0.272,0.0,0.0,0.0,0.0,0.7,0.7,0.8,0.1,0.1,0.2,0.4,3.7,4.0,2024-25
1641736,36,13.139,0.972,2.972,0.251,0.194,1.111,0.113,0.444,0.583,0.181,0.361,0.722,1.083,1.75,0.917,0.056,0.583,1.0,2.583,3.0,2024-25
1641737,58,15.69,2.328,3.31,0.568,0.0,0.017,0.0,1.155,1.724,0.373,1.586,2.638,4.224,0.466,0.448,1.19,1.052,2.155,5.81,0.443,2024-25
1641738,40,6.775,0.825,1.8,0.331,0.15,0.65,0.133,0.125,0.175,0.1,0.475,1.15,1.625,0.6,0.175,0.1,0.3,0.575,1.925,2.0,2024-25
1641739,78,32.692,4.205,9.179,0.454,1.731,4.615,0.348,1.167,1.615,0.386,2.218,3.551,5.769,2.244,1.487,0.641,1.397,2.949,11.308,1.606,2024-25
1641740,40,13.075,1.4,3.0,0.365,0.55,1.275,0.265,0.725,0.925,0.201,0.65,0.675,1.325,0.65,0.9,0.05,0.2,1.525,4.075,3.25,2024-25
1641741,73,17.192,2.425,6.342,0.347,0.753,2.918,0.223,1.685,2.096,0.466,0.699,2.233,2.932,1.329,0.438,0.178,0.712,0.918,7.288,1.865,2024-25
1641744,66,21.5,3.803,6.561,0.601,0.273,0.788,0.157,1.364,1.924,0.504,3.515,4.788,8.303,0.985,0.545,1.288,1.333,2.758,9.242,0.739,2024-25
1641745,37,5.459,0.676,2.595,0.215,0.378,1.946,0.169,0.027,0.054,0.014,0.189,0.541,0.73,0.324,0.216,0.081,0.108,0.405,1.757,3.0,2024-25
1641748,67,14.582,1.403,2.94,0.382,0.448,1.134,0.232,0.179,0.358,0.085,0.97,1.746,2.716,1.239,0.507,0.209,0.866,1.701,3.433,1.431,2024-25
1641752,8,5.375,0.75,1.25,0.094,0.25,0.625,0.062,0.125,0.25,0.062,0.125,0.75,0.875,0.875,0.25,0.125,0.125,1.0,1.875,7.0,2024-25
1641753,21,5.048,0.429,1.286,0.194,0.0,0.381,0.0,0.571,0.762,0.262,0.476,1.19,1.667,0.238,0.238,0.0,0.286,0.381,1.429,0.833,2024-25
1641757,37,11.297,1.568,3.622,0.32,0.216,1.027,0.091,0.757,0.946,0.272,0.622,0.946,1.568,0.919,0.459,0.135,0.703,0.703,4.108,1.308,2024-25
1641763,79,14.241,1.62,3.633,0.432,0.633,1.937,0.269,0.759,0.962,0.292,0.848,1.291,2.139,0.494,0.481,0.253,0.342,1.367,4.633,1.444,2024-25
1641764,64,26.875,4.375,9.828,0.408,1.797,4.828,0.337,1.125,1.484,0.407,1.016,4.062,5.078,3.438,1.078,0.203,1.172,1.484,11.672,2.933,2024-25
1641765,52,11.192,1.346,3.346,0.3,0.231,0.981,0.119,0.942,1.462,0.277,0.846,1.577,2.423,0.769,0.5,0.115,0.269,0.538,3.865,2.857,2024-25
1641766,4,5.5,1.0,1.75,0.5,0.0,0.0,0.0,0.0,0.0,0.0,1.25,0.25,1.5,0.25,0.0,0.0,0.25,0.25,2.0,1.0,2024-25
1641767,63,19.54,1.905,4.556,0.38,1.079,3.159,0.287,0.381,0.429,0.187,0.698,2.111,2.81,1.349,0.603,0.222,0.349,1.984,5.27,3.864,2024-25
1641774,35,14.629,3.429,6.914,0.509,1.086,2.914,0.291,1.486,1.914,0.552,0.743,2.971,3.714,1.114,0.314,0.657,1.2,1.629,9.429,0.929,2024-25
1641775,52,7.712,0.577,1.596,0.229,0.288,1.058,0.154,0.135,0.231,0.062,0.442,0.885,1.327,0.365,0.231,0.212,0.327,0.577,1.577,1.118,2024-25
1641779,8,3.875,0.25,0.875,0.25,0.25,0.875,0.25,0.375,0.5,0.188,0.0,0.5,0.5,0.0,0.0,0.0,0.5,0.0,1.125,0.0,2024-25
1641783,74,22.041,2.689,6.527,0.388,1.081,3.23,0.286,0.743,0.851,0.33,0.986,2.324,3.311,1.527,0.446,0.243,0.757,1.27,7.203,2.018,2024-25
1641787,28,23.75,3.357,7.857,0.402,0.857,2.75,0.295,1.964,2.607,0.595,1.143,3.143,4.286,1.964,0.857,0.357,1.393,1.964,9.536,1.41,2024-25
1641789,16,3.625,0.562,1.438,0.286,0.25,0.688,0.167,0.125,0.25,0.062,0.062,0.25,0.312,0.375,0.125,0.062,0.312,0.562,1.5,1.2,2024-25
1641790,19,3.421,0.737,1.263,0.39,0.105,0.421,0.105,0.158,0.211,0.079,0.316,0.842,1.158,0.211,0.0,0.211,0.105,0.579,1.737,2.0,2024-25
1641794,54,10.259,0.944,2.463,0.206,0.296,1.167,0.111,0.315,0.519,0.137,0.556,1.685,2.241,1.074,0.296,0.074,0.519,1.0,2.5,2.071,2024-25
1641796,55,14.218,1.618,3.691,0.364,0.582,1.727,0.269,0.745,1.109,0.275,0.509,1.164,1.673,1.182,0.582,0.127,0.436,1.655,4.564,2.708,2024-25
1641798,16,15.0,1.938,4.625,0.319,0.438,1.438,0.203,0.562,0.625,0.292,0.688,2.062,2.75,1.062,0.562,0.0,0.75,0.875,4.875,1.417,2024-25
1641803,8,2.0,0.125,1.0,0.062,0.0,0.375,0.0,0.125,0.125,0.125,0.25,0.25,0.5,0.25,0.125,0.0,0.25,0.5,0.375,1.0,2024-25
1641809,25,7.4,0.68,1.64,0.349,0.52,1.32,0.295,0.28,0.36,0.12,0.36,1.24,1.6,0.52,0.2,0.08,0.32,0.72,2.16,1.625,2024-25
1641810,44,15.0,2.568,5.636,0.44,1.159,2.932,0.331,0.636,0.795,0.266,0.409,1.023,1.432,0.886,0.477,0.091,0.682,0.909,6.932,1.3,2024-25
1641816,51,7.843,0.882,2.353,0.279,0.451,1.451,0.25,0.412,0.549,0.206,0.49,1.039,1.529,0.392,0.196,0.118,0.275,0.863,2.627,1.429,2024-25
1641824,80,18.925,3.15,6.938,0.412,1.2,3.325,0.324,1.1,1.35,0.44,0.688,2.788,3.475,0.988,0.362,0.938,0.925,1.6,8.6,1.068,2024-25
1641842,81,15.667,2.432,5.136,0.463,0.444,1.864,0.162,1.136,1.506,0.469,0.494,2.198,2.691,1.012,0.605,0.21,0.889,1.741,6.444,1.139,2024-25
1641854,51,10.059,1.412,2.745,0.367,0.412,0.941,0.162,0.451,0.627,0.206,0.373,0.941,1.314,1.392,0.333,0.294,0.745,0.49,3.686,1.868,2024-25
1641857,13,4.462,0.154,0.615,0.115,0.0,0.154,0.0,0.385,0.769,0.135,0.538,0.385,0.923,0.154,0.154,0.154,0.462,0.692,0.692,0.333,2024-25
1641871,46,10.261,1.522,3.609,0.357,0.739,2.304,0.231,0.435,0.478,0.167,0.957,1.043,2.0,0.565,0.261,0.304,0.348,0.891,4.217,1.625,2024-25
1641890,23,5.304,1.043,2.174,0.394,0.565,1.304,0.216,0.261,0.348,0.087,0.261,0.826,1.087,0.174,0.13,0.174,0.348,0.478,2.913,0.5,2024-25
1641989,10,13.7,1.1,3.5,0.175,0.7,2.5,0.126,0.3,0.6,0.15,0.9,1.2,2.1,0.8,1.0,0.1,0.3,1.8,3.2,2.667,2024-25
1641998,38,10.368,1.079,1.947,0.462,0.0,0.0,0.0,0.342,0.868,0.151,1.158,1.605,2.763,0.421,0.237,0.395,0.632,1.816,2.5,0.667,2024-25
1642024,15,14.333,1.733,3.6,0.562,1.0,2.733,0.373,0.6,0.8,0.367,0.6,2.533,3.133,0.267,0.667,0.667,0.4,1.4,5.067,0.667,2024-25
1642050,6,8.5,1.333,2.833,0.556,0.5,1.667,0.278,0.5,1.0,0.25,0.5,1.333,1.833,0.667,0.667,0.0,0.167,0.667,3.667,4.0,2024-25
1642258,75,24.587,4.76,10.387,0.442,1.627,4.587,0.315,1.413,1.987,0.469,1.147,2.427,3.573,1.227,0.693,0.493,1.227,1.987,12.56,1.0,2024-25
1642259,67,27.104,4.866,12.358,0.393,1.567,5.09,0.289,1.672,2.463,0.487,1.851,4.642,6.493,2.403,0.657,1.507,1.701,2.179,12.97,1.412,2024-25
1642261,78,19.128,3.295,7.141,0.437,1.641,4.359,0.341,0.821,1.077,0.304,0.474,2.295,2.769,0.846,0.308,0.103,0.474,1.192,9.051,1.784,2024-25
1642262,50,21.12,1.66,5.14,0.293,0.7,2.7,0.231,0.58,0.8,0.248,0.54,1.72,2.26,1.18,0.46,0.32,0.88,1.9,4.6,1.341,2024-25
1642263,52,12.577,1.615,4.596,0.304,0.923,2.731,0.253,0.25,0.308,0.125,0.308,1.192,1.5,1.442,0.673,0.327,0.712,1.019,4.404,2.027,2024-25
1642264,81,26.691,5.222,12.198,0.411,1.173,4.111,0.268,3.074,4.247,0.621,1.099,2.568,3.667,4.099,0.914,0.272,2.185,2.025,14.691,1.876,2024-25
1642265,49,10.633,1.898,4.306,0.33,0.51,1.51,0.192,0.163,0.306,0.071,0.245,0.776,1.02,2.0,0.408,0.02,1.082,0.755,4.469,1.849,2024-25
1642266,52,21.231,3.058,7.558,0.396,1.25,3.577,0.279,1.269,1.596,0.425,1.135,1.942,3.077,1.558,0.827,0.192,0.962,1.827,8.635,1.62,2024-25
1642267,82,29.951,3.659,9.122,0.393,1.683,4.963,0.317,0.841,1.037,0.365,0.402,3.756,4.159,4.439,0.659,0.256,1.72,2.317,9.841,2.582,2024-25
1642268,71,25.887,3.296,7.817,0.399,0.592,2.38,0.179,1.479,2.169,0.41,0.451,2.859,3.31,6.282,0.93,0.225,2.93,2.099,8.662,2.144,2024-25
1642269,36,11.028,1.306,3.528,0.263,0.5,1.694,0.212,0.722,1.222,0.301,0.528,1.583,2.111,1.139,0.583,0.111,0.5,1.083,3.833,2.278,2024-25
1642270,67,19.791,2.687,4.985,0.526,0.209,0.731,0.153,0.925,1.552,0.317,3.239,4.627,7.866,1.149,0.507,1.642,1.075,2.821,6.507,1.069,2024-25
1642271,72,21.083,3.611,7.194,0.489,1.069,3.056,0.279,1.292,1.986,0.42,1.556,4.556,6.111,1.944,0.667,0.306,1.417,2.375,9.583,1.373,2024-25
1642272,23,25.826,5.478,11.913,0.441,2.217,5.783,0.328,2.13,2.435,0.525,0.565,1.87,2.435,2.609,0.652,0.0,1.609,1.609,15.304,1.622,2024-25
1642273,68,26.5,2.985,8.029,0.345,1.676,5.206,0.293,1.029,1.368,0.335,0.721,3.471,4.191,2.485,1.0,0.735,1.426,2.956,8.676,1.742,2024-25
1642274,73,26.849,3.685,6.74,0.53,0.0,0.014,0.0,1.74,2.795,0.45,3.493,4.74,8.233,1.356,0.507,1.342,1.123,1.986,9.11,1.207,2024-25
1642275,60,20.767,1.9,5.75,0.349,0.967,3.417,0.284,1.117,1.567,0.352,1.167,3.5,4.667,1.233,0.483,0.233,0.967,1.4,5.883,1.276,2024-25
1642276,64,22.203,4.016,7.25,0.533,0.547,1.734,0.203,0.719,1.047,0.256,1.812,5.578,7.391,0.938,0.609,1.109,0.891,1.734,9.297,1.053,2024-25
1642277,50,7.66,0.7,1.84,0.203,0.3,1.0,0.134,0.36,0.44,0.149,0.46,0.96,1.42,0.38,0.36,0.22,0.24,0.82,2.06,1.583,2024-25
1642278,41,7.195,0.659,2.0,0.286,0.341,1.146,0.181,0.317,0.415,0.126,0.195,0.463,0.659,1.707,0.293,0.098,0.439,0.634,1.976,3.889,2024-25
1642279,7,4.714,0.286,0.714,0.286,0.0,0.0,0.0,0.143,0.286,0.071,0.571,0.571,1.143,0.286,0.0,0.143,0.286,0.714,0.714,1.0,2024-25
1642280,6,4.333,0.667,1.833,0.074,0.0,0.333,0.0,0.5,0.5,0.333,0.167,0.5,0.667,0.0,0.0,0.0,0.167,0.667,1.833,0.0,2024-25
1642281,47,9.596,1.362,3.17,0.293,0.426,1.234,0.216,0.404,0.511,0.186,0.787,1.255,2.043,0.936,0.277,0.064,0.553,1.064,3.553,1.692,2024-25
1642285,25,10.04,1.36,3.28,0.292,0.76,2.08,0.209,0.76,0.76,0.32,0.48,0.72,1.2,1.36,0.36,0.04,0.24,0.92,4.24,5.667,2024-25
1642345,61,17.082,1.852,3.066,0.51,0.0,0.033,0.0,0.475,0.82,0.187,1.082,2.557,3.639,1.164,0.459,0.475,0.639,1.672,4.18,1.821,2024-25
1642346,74,19.027,2.77,6.446,0.383,1.108,3.568,0.257,0.257,0.527,0.126,1.243,2.365,3.608,0.77,0.595,0.541,0.541,2.189,6.905,1.425,2024-25
1642347,75,19.52,2.72,6.72,0.413,0.96,2.973,0.317,0.707,0.92,0.34,0.4,1.133,1.533,4.213,0.773,0.133,1.56,2.107,7.107,2.701,2024-25
1642348,44,26.136,3.909,8.591,0.439,1.568,4.318,0.32,0.727,1.045,0.243,1.045,2.318,3.364,1.568,1.023,0.364,1.114,2.227,10.114,1.408,2024-25
1642349,36,16.639,2.528,5.111,0.449,0.639,1.667,0.331,0.806,0.972,0.407,0.5,1.389,1.889,1.778,0.694,0.111,0.806,1.889,6.5,2.207,2024-25
1642352,16,6.25,1.125,1.625,0.255,0.188,0.438,0.104,0.25,0.562,0.141,0.375,1.375,1.75,0.25,0.312,0.25,0.25,0.688,2.688,1.0,2024-25
1642353,13,4.462,0.538,1.846,0.191,0.154,1.0,0.058,0.154,0.308,0.077,0.231,0.692,0.923,0.462,0.385,0.077,0.154,0.308,1.385,3.0,2024-25
1642354,36,23.444,2.889,8.361,0.315,0.917,3.611,0.21,1.139,1.389,0.421,1.083,1.944,3.028,3.111,0.944,0.167,1.556,1.556,7.833,2.0,2024-25
1642355,27,6.778,0.778,2.481,0.244,0.333,1.185,0.18,0.407,0.519,0.204,0.148,0.519,0.667,0.815,0.333,0.111,0.481,0.481,2.296,1.692,2024-25
1642358,29,22.034,2.828,7.345,0.39,0.828,3.103,0.232,1.103,1.276,0.417,0.276,1.759,2.034,2.621,0.414,0.103,1.207,1.724,7.586,2.171,2024-25
1642359,18,6.222,0.556,1.722,0.196,0.333,1.056,0.13,0.222,0.333,0.093,0.167,0.833,1.0,0.278,0.167,0.111,0.222,0.389,1.667,1.25,2024-25
1642366,42,16.357,2.929,6.524,0.427,1.738,4.262,0.349,0.5,0.643,0.286,0.833,2.69,3.524,1.333,0.381,0.429,0.786,1.976,8.095,1.697,2024-25
1642367,63,20.429,2.476,5.651,0.426,0.27,1.111,0.161,0.952,1.302,0.345,1.73,3.206,4.937,2.317,0.873,0.54,1.111,2.159,6.175,2.086,2024-25
1642377,79,25.886,3.633,8.557,0.413,1.747,4.962,0.319,1.405,1.709,0.47,1.101,2.291,3.392,1.709,0.557,0.101,0.873,1.848,10.418,1.957,2024-25
1642382,32,7.719,1.344,3.031,0.413,0.688,2.062,0.315,0.438,0.562,0.182,0.531,1.156,1.688,0.438,0.156,0.656,0.219,0.688,3.812,2.0,2024-25
1642384,15,3.067,0.333,0.733,0.2,0.067,0.333,0.067,0.133,0.267,0.067,0.067,0.467,0.533,0.067,0.067,0.133,0.067,0.133,0.867,1.0,2024-25
1642389,3,1.0,0.0,0.333,0.0,0.0,0.0,0.0,0.0,0.0,0.0,0.0,0.0,0.0,0.0,0.0,0.0,0.0,0.0,0.0,0.0,2024-25
1642402,22,8.227,0.727,1.682,0.341,0.045,0.455,0.023,0.591,0.864,0.25,0.5,0.864,1.364,0.409,0.136,0.136,0.273,0.955,2.091,1.5,2024-25
1642403,40,7.575,1.35,2.075,0.474,0.075,0.2,0.062,0.575,0.9,0.229,0.55,0.875,1.425,0.3,0.125,0.25,0.4,0.75,3.35,0.75,2024-25
1642419,59,17.627,2.525,5.881,0.405,1.78,4.39,0.361,0.271,0.305,0.144,0.627,2.051,2.678,0.898,0.288,0.169,0.458,1.559,7.102,1.963,2024-25
1642422,9,7.333,0.667,2.111,0.356,0.0,0.778,0.0,0.222,0.778,0.044,0.222,1.444,1.667,0.111,0.444,0.222,0.333,0.667,1.556,0.333,2024-25
1642434,1,7.0,0.0,1.0,0.0,0.0,1.0,0.0,0.0,0.0,0.0,0.0,2.0,2.0,0.0,0.0,0.0,0.0,0.0,0.0,0.0,2024-25
1642439,2,5.0,0.5,2.5,0.166,0.5,2.5,0.166,0.0,0.0,0.0,0.0,0.0,0.0,0.5,0.0,0.0,0.5,0.0,1.5,1.0,2024-25
1642450,7,3.286,0.429,1.429,0.179,0.143,1.0,0.143,0.0,0.286,0.0,0.0,0.286,0.286,0.429,0.0,0.0,0.143,0.286,1.0,3.0,2024-25
1642461,20,6.2,0.55,1.7,0.125,0.05,0.85,0.025,0.15,0.15,0.1,0.4,0.45,0.85,0.25,0.25,0.25,0.25,0.85,1.3,1.0,2024-25
1642484,11,6.455,1.0,3.0,0.182,0.545,1.909,0.158,0.182,0.182,0.091,0.182,0.909,1.091,1.273,0.636,0.182,0.455,0.636,2.727,2.8,2024-25
1642502,6,3.333,0.0,0.333,0.0,0.0,0.167,0.0,0.333,0.667,0.167,0.167,0.333,0.5,0.167,0.0,0.0,0.167,0.667,0.333,1.0,2024-25
1642505,21,5.952,0.571,1.429,0.286,0.476,1.0,0.286,0.095,0.095,0.048,0.429,0.81,1.238,0.238,0.238,0.0,0.19,0.571,1.714,1.25,2024-25
1642530,22,4.136,0.5,1.364,0.152,0.318,1.045,0.095,0.318,0.409,0.136,0.0,0.545,0.545,0.864,0.091,0.0,0.227,0.364,1.636,3.8,2024-25
